--
-- PostgreSQL database dump
--

\restrict sAsEnc6s7tVNc7UTV7t0cu0LKchZU6rr4gOEMgfZwaHVtksPnb8bJakup5oujDX

-- Dumped from database version 16.11 (Debian 16.11-1.pgdg13+1)
-- Dumped by pg_dump version 16.11 (Debian 16.11-1.pgdg13+1)

SET statement_timeout = 0;
SET lock_timeout = 0;
SET idle_in_transaction_session_timeout = 0;
SET client_encoding = 'UTF8';
SET standard_conforming_strings = on;
SELECT pg_catalog.set_config('search_path', '', false);
SET check_function_bodies = false;
SET xmloption = content;
SET client_min_messages = warning;
SET row_security = off;

ALTER TABLE IF EXISTS ONLY public."Planning" DROP CONSTRAINT IF EXISTS "Planning_userId_fkey";
ALTER TABLE IF EXISTS ONLY public."Event" DROP CONSTRAINT IF EXISTS "Event_planningId_fkey";
DROP INDEX IF EXISTS public."User_email_key";
DROP INDEX IF EXISTS public."Planning_userId_idx";
DROP INDEX IF EXISTS public."Event_startsAt_idx";
DROP INDEX IF EXISTS public."Event_planningId_idx";
ALTER TABLE IF EXISTS ONLY public._prisma_migrations DROP CONSTRAINT IF EXISTS _prisma_migrations_pkey;
ALTER TABLE IF EXISTS ONLY public."User" DROP CONSTRAINT IF EXISTS "User_pkey";
ALTER TABLE IF EXISTS ONLY public."Planning" DROP CONSTRAINT IF EXISTS "Planning_pkey";
ALTER TABLE IF EXISTS ONLY public."Event" DROP CONSTRAINT IF EXISTS "Event_pkey";
DROP TABLE IF EXISTS public._prisma_migrations;
DROP TABLE IF EXISTS public."User";
DROP TABLE IF EXISTS public."Planning";
DROP TABLE IF EXISTS public."Event";
SET default_tablespace = '';

SET default_table_access_method = heap;

--
-- Name: Event; Type: TABLE; Schema: public; Owner: -
--

CREATE TABLE public."Event" (
    id text NOT NULL,
    "planningId" text NOT NULL,
    title text,
    "gameName" text NOT NULL,
    "gameImageUrl" text,
    "startsAt" timestamp(3) without time zone NOT NULL,
    "endsAt" timestamp(3) without time zone NOT NULL,
    "createdAt" timestamp(3) without time zone DEFAULT CURRENT_TIMESTAMP NOT NULL,
    "updatedAt" timestamp(3) without time zone NOT NULL
);


--
-- Name: Planning; Type: TABLE; Schema: public; Owner: -
--

CREATE TABLE public."Planning" (
    id text NOT NULL,
    "userId" text NOT NULL,
    name text NOT NULL,
    "weekStart" timestamp(3) without time zone NOT NULL,
    "weekEnd" timestamp(3) without time zone NOT NULL,
    "bgColor" text,
    "textColor" text,
    "accentColor" text,
    "createdAt" timestamp(3) without time zone DEFAULT CURRENT_TIMESTAMP NOT NULL,
    "updatedAt" timestamp(3) without time zone NOT NULL
);


--
-- Name: User; Type: TABLE; Schema: public; Owner: -
--

CREATE TABLE public."User" (
    id text NOT NULL,
    email text NOT NULL,
    "passwordHash" text NOT NULL,
    "twitchUrl" text,
    "logoUrl" text,
    "createdAt" timestamp(3) without time zone DEFAULT CURRENT_TIMESTAMP NOT NULL,
    "updatedAt" timestamp(3) without time zone NOT NULL
);


--
-- Name: _prisma_migrations; Type: TABLE; Schema: public; Owner: -
--

CREATE TABLE public._prisma_migrations (
    id character varying(36) NOT NULL,
    checksum character varying(64) NOT NULL,
    finished_at timestamp with time zone,
    migration_name character varying(255) NOT NULL,
    logs text,
    rolled_back_at timestamp with time zone,
    started_at timestamp with time zone DEFAULT now() NOT NULL,
    applied_steps_count integer DEFAULT 0 NOT NULL
);


--
-- Data for Name: Event; Type: TABLE DATA; Schema: public; Owner: -
--

COPY public."Event" (id, "planningId", title, "gameName", "gameImageUrl", "startsAt", "endsAt", "createdAt", "updatedAt") FROM stdin;
7f8979d2-e0b3-432e-8ebc-bfe735b4d23d	a6d7a2e5-369d-4a7a-9577-1543052eff5d	\N	Clash Royale	data:image/jpeg;base64,/9j/4AAQSkZJRgABAQAAAQABAAD/2wCEAAkGBwgHBgkIBwgKCgkLDRYPDQwMDRsUFRAWIB0iIiAdHx8kKDQsJCYxJx8fLT0tMTU3Ojo6Iys/RD84QzQ5OjcBCgoKDQwNGg8PGjclHyU3Nzc3Nzc3Nzc3Nzc3Nzc3Nzc3Nzc3Nzc3Nzc3Nzc3Nzc3Nzc3Nzc3Nzc3Nzc3Nzc3N//AABEIAJQA/QMBEQACEQEDEQH/xAAcAAADAAMBAQEAAAAAAAAAAAAEBQYCAwcBAAj/xAA8EAACAQMDAQYEAwcCBgMAAAABAgMEBREAEiExBhMiQVFhFDJxgQeRoRUjQlKxwdFT8BYkM0Ph8XKis//EABoBAAIDAQEAAAAAAAAAAAAAAAMEAQIFAAb/xAA2EQACAgEEAAUBBgUEAgMAAAABAgADEQQSITEFEyJBUWEUMnGBkbEjocHh8BUzQtEGUhYk8f/aAAwDAQACEQMRAD8A6X+x6OCmIkUNIRgOWxgnp/bR7dfcWypwJn1eGUhfWMmMbdQQWyApH5+Z66FbqHuwWjFGmSkELNdWJGYkHK48udUrIB5jeBjBgLo20lgduMnjy0wLsGUalSDEtdS01RA1RQlPB8wQ9ftrS02pOcMczC12gULvQYMXQLEWHf79hH8Plp6wtj0zIrWvdh8/lC54qBqYCnO2Vf4ieTpVLNQLPWOI9ZRpGq/htyPniLdPzKmPLOqofm4A9SdVZgqlm9uf0kgEkAdmCXSc2u4ilqsKgXLPnofTXnNP/wCQpqLvQuK8457/ABnp/wD48V0u8tl+x8fhPYq2lYCVmbuQ3iIU6fv8Y06o3lnLY44PcUo8D1bkFgAPfmLKC5zy1DRuQyF8LxyB5fXSei8Ru3BLTuzNjXeCac1l6fSRHJ4J16MYM8hz3PCAwKnoQQdWHHMq3qEqu1NSaugtIBG+dVY/U4/udZOhrFb2fSafiT+ctX1H78SywoXb5AYGsTtsz0ePTgSH/Fq9fsbshLDTvsqKwiFMdQD8x/LOrltqloJKRZYlI67P4D2/M4/LM/PcaccaUm7jM3LH7agmFVIwt9Es0jbgcJjpobviGWuFy0MUmwQjY4z3meh54/TVQT7yQvtPqWljBdJVDOWADeQHnrixAkqmTibr9aIrdLTLAzsk8PebWwcHJGP0zqldpfIkqgOYr+Hz0B0bdKsnxM/2e7Lnbxrg4g2oM8WgYdQdWLwQrjC329ncFVO0dTjgaurj3hEKofUZSQUjUscbEZEg4I5yRrQ0+oRhxNCi1LgdsOqZmpaaJehnXdnTe8ZlsbnJ+IAKf4iQYGc9RqcZ5lsZjWltkFFItXUhAVXKJ6nQsgWEfMAxBOFk3cqc1dW88rksx0K0gnMkidWq7vSy10FLBKH/AHqbjnqev+NCbTWqN2OJ5Ou1ScRhLNKw5bQwsYVVmhWfGATg9edTgS5Cxf2jrTFQvGu1mRc5YHgnj9c6PptN59m1uopdaahuHZkfTVzRvltw68r5fbTz+GFOam/WBXWK/Fgh61sLk87vfGNQuouqOLBE7vDaLvVUcTeV4z5HWkrbhmeesTYxX4htvtD1ySPu2KnQkddL36sUEcZzD6fQNeCc4xNKW+RLiIJRtKkMT13AemlPEfEBTo2tQbieB+J6zL6TQM+rFLHHv+OPj9JJ/iLdIKq4otPGfAu0yNwCR6DWV4R/482npFmobJPsOh+c9e2uOPLT2iE3N46FYmqNjSE7FIHix11vnQ+HowRgNx+pi/2jU/eB4mFLWTUtIastGyl9pUHDqRrM1GmRdR5aKRnoxyu/NRZ8Ee4lrSt31FBUBgwmTd0xjyx+mtjRm7aRd2DPJ+K0aem1RSOCMzZpyZRjenl+LqLDB8xifaw9hIG/oDpJx5a3N8/9Y/eOK3mvp1Hsf2IP7S5uVSaeBQnM0zrFEPc+f2GW+2vOVrmensfauZxn8armK6/U1DFIGipo/GBztYn/ABql5xgfnGvDK95e38APy7/nIJabCDjSu6b3k8ZhcNESudULRlNKSMxyKaGnipRDxLMm9t3kdDznkzgmODNYCU8jmodF2nxHOrLyOJbCJktNTHbUApg5wR9NcZdAjHIlM7i59npVnp9z03ijlUdCSBpUArYMHuRbQEuUKfvRBFbuPPTX0lvKjOOkHdbSozooqJGZVgAMTX3dJGcOB9xn9NDJx1Mqy1mOBPXrNw2wrxjG5v7DVcMxyTKivPcdWKd5qV1IQzRHdCWXO3jpqUYUvuHUIq7CPj3gVZ8TO4kqBIxPGWGtsEma6hSuFjWxUq7JamYYjj9fM+mmC2BA3krhF7M+rqyFpXab/pyKVI+nI1kay5hYjL7f2gipXbENVGEkxvVwRkEMNS1+7mEBDdyi+DaFhJHgMjZB8863FfjBnjcAymtVz+NgIqBtmjOGx56Ws0+DlZJu2HBhcrqkTupHhGcDqdB8tviGFyEdyWvsh+GRSfHK+5seg1r6SoJwJnXObGzFEdO0iLsGSWxoj6gI5DdS66fcgZZhLC0bspHK+eiK6WDPzBMjI34SktsjJDHIFV8qOHXOgOobjqZpyjk4j+G5CSPbuVGxyuMazrdKwORzNLT6qojDcTGQJKveBkEsYJVjj00tZSbamofpuI2VrNi2qc4nHa74jtD2hhorcmEmn7vv2GP4huKg9cA51oNqhpaV01P/ABAGYRaTZm1pn237Kx0M5WOtOymHdqGRjgZzywBAySTzjSHmGw7m7j9lSitSD+UmTTVFLbmnqmIZZNndtyT7+3nplNU6jk5i5oGzJ4M67+FVfRXjs+aSalBkphyxOdwJ9dRfq3azenEVt0iFAW5zCrxa/gpN0eTCx4J8vbWrptSLV57nmdZpDScjqZdlYi9+piB8m5//AKkf31XXtjTt9cfvO8OTdqlPxk/y/vKntZcI7PaZrpIu6SmjYQr6u3A/39deeUhVM9M1b22Ki9k4H0+T+QyZ+dpjLPVPNOxeWRi0jHzJ0kzFiSfeenpoWlVrUYA/pC6eEFQCOdUC5M1qkwIxjh4AAHGjCjMYCxbeK9ElSnRSGiGC5PTz1QU+8x9ZrFSzywIJLTVUtUkQDuz4KZ43Z56njVkZQMxG+u0vhgcSjprFQVFO9O9xCXWOIrFCONzDJ24H10MEk89QrYqUKp5m3sx8fJb6pGMckTp0Vx3mAepX0/X21VqlNgxHdPaXRWs/IxhFSMegyPXTS0HPMcJA7jWCiCxGSVcKBk59NHYYEQuuGeJI7CSGx16+es49xKbvh2XJYcAZyOmqbwep2Yz7PvsqTGTjvE/Uc65hkQmMiO5a6JAtPVx7o28gMac0l+1NpPUNRSxBKnma5rjSy0UkIxTwpyOOW08uoUgtnqMeU1Lea3MnSJawFsbVB8IOsyxjY2YpbeXPM2rbEkG7vNvtjVdpgN5lXDJHI/iA49degO5e5544xxGNqoGWeeVl2rIQEHt66uXAAxAWevAjCvijjpsL8xOBqtTszSDWqiSF1bvalscqg2g/11p1cLBgDMHpZNi5Hr5jS19JtO4R2uwVDaZ7OSyP4eWOTjQaa2rtBaWudXrO3uUPZR45qJopFyY2IPsD01OrDBsrE0RWHIjSqt4C7oTlffQ6tRzhopqNJgZWLZwtOrSS4jXGBvIAJxqdRaBWQDyZHhekNmqUsPSO5B3GlNRabzUUs7/EiVYYpInK4YYZgGHQAFRnzJYeWsutCTj3nsNTizJQekfElKS6X6lpvgnjSoj8X/XAkc5OeucnTC0WDoft/wBxH7S4GCeB8wylv1s7hYLna3p6gkqZkGQD5EAnj/zoZUoeuYcait12vOx9jLfaKG1rJaWp5nmAaeaLGSx5wfTGcY9tS7FjM+zduIjqeKORcOAQfI6lHZTkQLoGGCJotNsip7s1RAMKYyMenTRr9S1lOxopRo1qv8xZO/i5UsKWiowfC7l2+2svUNhAB7z1HglIfUs5/wCI4/P/APJy5aYu2QBoCnM9B5PqhUFOV8udNVVkx1K8DmV9P2bpzQwrJL3VZIu7n09NaK1jHUzn17Cwsoyok9f6Ps7Z6hTVTtNXp45YY1JV/QbugI9PPnSF4XOK5l32VNYXZcA/rE8t5u9eFSip2ihToVi3E59wNLLQB97uUfVOxzUMCe2Ojr5b1T1CpI88MquzNgAH3J9vbU2sqLgyKq3dt55hFwuotHbG5i2yLJTd6eOcRsRl1HsGJ1ZU3KGPcHVqWQlQcrGFs7WRiWQ1VMhhUeDa+Cx9Toh1ToMdzUqdrxlmwP1m+v7Y000DRMqxiQbRgkn8saA1zt0Jc6fTqPVZArfW0lQGhR8ydQpUg/XnSlm7MWu0+BvrO5f89oW7nuTG3TGoC4OYAL7meUpKSpKnO05HvohMYUZGY8rkEyxSpgg9PpoFmfaOab0mDy28z0sqR/8AUI8PvpnTIxBEm+wlCsHkjWGkQupRx1B4I1ZiE495jAEmaI65VyArNz1xoZdj1C+WZQ08RaRAOu4eeNeus+DPLoeJWmVY4yWYKqDBOdI4ycCTE9wuKzHbDyoGN3+NO0VbeTKPkxQ8BI9tN7hK9T6KSOFdkqZXpjGkzvDcCPZDCbDFTSwloO83HgRxruY/bUjUMDhoM0AxXVXmq7PgyS2ivgVxgzSKrD7hScfrq2+pziWFRAgzdu63u2ennBGPIA/10b7LUw6gmPMgbpeq+5vsr62ZtvCrv4HvjWVZXhue40tnp2jqbbJ2jqrE/dvmooZDuaMHkerL7+2gsnqy0PVqWrBHsZc0FXbrmkVVSyI235SMBk9iP86IrbTkS7bLhzF/ay1/HRqyCED+I93gt9edEtuLCCXShfeU/wCGFirLNRVU89TDLBVFTAImY+H33KMHS5xKHIGwyz3kdTnVMypURhaiT3jfQahjmDxiR/4p0ckvwVQoygJQn0zpbUKSo+k2v/H7VXUWIfcAj8u/3klbrO8vKgaJptMW5M9NbalZ5lFTWSlpIkmq+DnO3WoiBeAJnPrXtYrXFN5qZaqvLo5CjgYONL33eXwDH9LUtVWCJN3y0rUzw1LSEBiIyPU4POfsNZbXd4mbrtIj3B89w22WuKejiNyZ5WVcLDuKog/+IIB+pzqjXgHiKrpCRloDdK2k7OLLHbEC1tQAFA/gAzz+v665Q1xBPQlbnTTrhezIeaVkGwOTK58bZznTkyuc7R3CoW7mLvH+VRzoBOTNFV2LiVPZq2LFGKupQPO4BO7nb54+2mq0AEVsbJlrR/BVqCCvpYpFHyttAI+h6jUPWD7SK7GU5Uz24WJYYWloiJoTz6uvsfXSVtRXqFFhY8xNHGFQAD3+mliZrVL6cQ2mqhEojlHhJ49tUMY2EdRhHWIqAJtJBzuGmhaEHEr5RYye7V1TQRGqwZFGAQWxkk466rUBfb3EdWfs6eZj4/eTjXqeDAWlCZHIZw2ffjHrp1dFgdzMfxGxjlUH6zo43DqNbwb5mOUE1VVyp6UIlXUd2jg7d58JI8sjJ/TSOr1gq9Kjn2PY/fP9IxRpmbB/tFVXcqyP940a0+V3Rx7dykeW7zBPX2zzpJNRqR62P9vpNMaOsrG1LUiVEAYNIUDMF6A46a167iQPmZT1gExjSUZq3IYbUHzMR/TV3vCiD8rPUc08MFFGVp0C+vHJ0kzM5yYdQBFN4qleNopACDwQR1GrVrzCgzj3aimW3V3e042wSHxKP4TpxbChEBYsHs9jjvtZsasWkCpneRksfRR56V8R1NVK+rs9SKamY8QGupJrXM0FSpK7sB8YyPf0OktLq6714/SEtqZDgwdIm7syU07pk+IKxU4+3XTHlZXcsGGlH2evVLDQvS3uaZ5A37pZGJO3y+vOdCzt4MZrYEToVk7ZWylpY0dXp6NF2qDG35KOp+mqg7jgCHsVPLyTzF1w/FmkgmK01lq5EBxvnkEWffGG1zKR3FN0+sv4pvV3SippqRaSColETsJC2wnhTu4GM4zxwOdV5EFZWthGZ06ug/a1mnppB++UZGR59RqQATz0ZWq1tPYHHJQ5/Ee4/MZEmE/5KEBEXvj0DnGNV1WoKYrSelsu805zx+8SXy7z4CVChQPMNkaz/NsBzmE0+EOViumnFSqsnAY8Meh1SyxnmwuoU8HuJu19e0XdwRyfL8rfynRaFHRmR4i5AyPeTlTebhUxLE07AD/TbG7640daUU9TLs1NrgKYvlm7kks5klK5yTk5+uicCAJx9Y+7K2GkqUmqr2Z4wUJh7ojCe5B66zdRrDv21xyikqvmHuLK90VxHGe8QPgEDG4Z9NM1nPMNaQV4lzYzEKFGqZihbkKqEv8AfPA/PRW1AXoZgl0xYcwbtFdZaVEFrimhABZpHIYn/Gj0OXXLTK8QZqLVQHsZj7snfTJZI5qx3Pd+AhGBZgOCzD6/poFjgNtmhpUd6g8Lr56KvUyUmEl689G0pYAeZqUFhxJWrq6wwzqI417qTAdpQoI9x16aumnzg5mdfrLPMZR7GE2OaWWKTMgYh2wwPBGfL20K+va01vDrWsqyYJ2w3G07zI/EijYOjZPn9OuiaP02YgvGF/8Ar5z7iScyFJMSujN1yDnWi/E82AZZVfbGtmLpFTpBsYgvt8PBxySSf00EWXswcuSPjr+n9Y0tVQHC/rF0cNZeHjFRKqYy5yuMk/31HlqDnMOpLYEpJ5Z7hJ3lZEKdSApYDJQYAJHrozPwYyD6dseUNeZp46d6MxxSHCzAgZPuvln6nTVVr9MJl3aXau4GUHfJGgVOg9NEOCeYqBAau4y7SI8KR0J1IT5lhJW83SopyJaogp0DAdProowJfOJDdpqxK7Kp0xkaozZ4EqxiaglmppEKSFJo8FTnrqLdNXqE2v38wauUORG9dchfxSUdREIZXlCyyE+HHHOfbnj31l06P7JY1tvQ/nCO5twBPL/2Zktcry2yVpqUdBKQSeOeQNDp8SD2bHGPiWejaucxVZEqmuMNU0OU3bAx5AOtBlLWeX23xKVstZy3UdyTS1d+R6hsRx5CL0wMdfr56aSg1Nh4G27zuR1GFQ5qIO8RlaoXwFCOpx82lbe42oBElqhHiUpIh3Hy0vIIM6p+GnbqtdobfdacPBDGy/tEOeo5VWGOT751VrVUYaVXSvYwKiNbhcKSUSTTFCp53Dy/xpTlzmaoC0qFHAkje2BgPw7B0lHADZx/40NlMbqccCImus6RRUaKIhHwSOCT6Z1yrxC7/VxGiU1JdLQ8FUjElT3cq/NGw9fUeulnd633CM3oLa8SMr6G4W2NO9VWjkbbG6+Z0/Tqq7RxMC3T2VHA5ja2dlo5qOonuM7R1IXdCARsDDybjn7EaUfXbnwo4h00mwZc8zd+0aiagio1jEZAPetn38tVGnUOWzG1RmmmhsdZW4ngpZHp42BZhgjA66aBOOBIYVq21j8cSgpYWkTxSuBn050HdiNtVC5qOKoomQ/vAAeCctpii3YeJj+K6I31naPUvI+vyP8APpJyGK42eXv6clQ3IR+jfUa0XrVzzPOUawqMA/lGK3apWlNTDRxBD1ZyeGHXb7fXSnkDOJuf6i20FR+MTTS01RvldJBPKeTvwqk9fr+WiotgbHGIlZZW/qAOTGFBWUtvqUaCQd2w2vHu3ffVdRWHHEd0WoNTRh2sNPPZ4ZVPLyKUbHHvpTTAizBmt4i6vpwR8yQKqrsIn3r6txp1+PeYSciUFPFS0z5kjd0B53E7evU4xxp2rT1oALDNdaKkx5hPMaxqiMTC7oSflB4+gP8AnUajTKvqTqRbUqcoeJ9UVNRGFjEuUJyRjp76AFCmL7tpyI3guEcSAukshRS5aPjb6HJ6atczIMg4ku2Riaa+vqS4R5irjwgq2SfryeDjkflpVAG+6eYI4XsR7DHPPHDHsPfOACOv31pBtqZaZx74i7tZYtsAjatR6hfF3KxkDGP5s6B9pDnbiE8piMic+jt6y1CxOXRHBGVHOr5K9QaKHbBMHuNpankVS+4fwOvGfUHTlTCyVtqaqBGJz4WXPuDjRim9djCBBxyIXDX10FI1I0olp3UriTll++s//R6xcHB4hPPJGDMrXcqi2xClEYkUzByzHyxyNFbT3JqvOU8f5xBtssq2NC74qsYaqPlZVyDprW8rvA7gNL6Tt+Jjb6oR9dZZmopg17mU1ZaMDPd4U+hPnoLcSx5IEvLNLSW+giphFhIxknPXWWTuabwrFa8dARR2i7VJPCttpiI4n5ZiAcnOeD5e/rnWgihVwJiXWb3JMRhXcBYs7tvUdNE4gvwmj4Na5vhlf/nVG+M78ZwOVby58joDjbzGq3a4ge46mhq64RSdy0zxNDkFMYI+vtpd6kIwRNFbmsGCep5V19XdGp4pcZpc4ZOM551Supaske85Qzv+EZT1dVcI1jk2xxgAeHqdASlUOY0tBY8zOCibhIwW489EJjO1a1yTgfWF08I2NHFIQMFWCN5n6aje6zkXT3AdH4mxF+GRCkpjcHh9+Nui1l29uJneLCuukBTySAfoPmZVdZWUjmSjaOpjVMsrEE8dSca5RnsYiNmsoRRWjkoOmBGcj5BGI2tfeXi37p4o0ckqUHOB5c6bru2DBmPqdCNQfOpPq/DGf7xfebMkTRxOZEjC7gR0ydFVwWg2peurHZ95O1NKY3KhcBeT56KSB2ZWrc4yBNYoqlRGyoviGVUuBkaAbq+o6lVveIct2RrY9vuMBkgB8Jjfa6Nn6Eeuh+WCdwjw1H8Py7BxBrXTUM8b99JVpIDyE2Yxzjr56iwMDxJ0qo+c54+JW0G21pLE7xTSSrjMieH6Y1pZa07oW2wH75mFZTTTSSSUlPUGIgDyGfUj01Kn0gMYG1yVwp95oVDTou7xseXSZt2z0H+dcUWywBf8/nAhmVctM0nSadlqoXkgEZJgViqSMGBXKqRnjOltZo3DDaMgDuG02pUr6jgn6Q6rqKW2rG8EFFEInJKwofuHPmeQevUaz0cI/Bj76ax6ySOPr3Htgraauc1dZUxww043gxVGAWxwcdSAM8c86ZNjX8H2mfZUdMMAd/MXdo/3NclTTUckXxKnx1DM28HG1uCACecgg+WMasqZ4BlPMIUk9xMtDipy6lSPIjGnTz1F6l5yYPeKQPEXJ27RkZ1ZWKNxDWKHTBiGpp5YY4pJYWRJV3RsRww1opYrZwepmEEdwRtFDSkxyB11xxOhNtqo61/2fM20Of3bZ5R/IfQnj76Re3usziu31iE11rEKKlsNRNVOu4xFR4R9fXSliEcCNK4xmaqPsjeK8kSLHC3ksr8n8umqeU3vOL5nR17Dy03YyqqrpcY/jEpnbKR+AYBxnzJ9SNJ/Z0DZjv8AqNrjyiO+P6f3nLLJbJ7w5WFUaRow+x2IKgn5h7jH66mywJB0VG0kA/rDDA1ro6oVSsrOojxIpOTuydhHT6+mR765LFbqWal0GWHEDsqSVFxdqTamyNyWd8BBjrnz1zrkYlaG2vkGOK2kW9BI6aYTXKmQgEIUMo6lSD+an6j0wFlKn6TSSxbfV/yHf1+sVUUQXd13E85/poLGaVCAcygttsrKtHkpaV5kT5yuPCND2sehGDbUhAZsEzbNQs9K7L3gAUnCHG721Wt8HmU8QpdqDs7HP1imTcrNDb0SnSQqxLHGwdDnr6a0Kqw7ANPJV656lds8/wCdTXU25JYqruqx6kqcI0UZVfvnqf8AfGnNmIi+tct6pop5lqaeClgRUdFxI7kAk+mcaVtC1jI7jtOmt1bFVIAA/Lj+so+zr1dHB3omY04cjI6HB8h/c64UMw3CJ6i1NPfs3nHvLpYqeuo0knjIhkGBuXAIPnzqa+OGnarzGIsoyf3/ADiy/wDZES5qbew2bdrJ5aMad3RitXiD0+i1cfykbW0NLIsJnjnSeFdmUYbTj6g6XOncZ2kTTr16dsDAXoROJWaIh3LMvPPr9NUxZWQpmlU+nv07WfEDFK0caZ8LMMkFTnUWEkw+jIrrzjJMpIaiQRHDhm65IGeffWhVVuO0TNI28x/bKEVPZK6XipqZw9IQEjj24PTrkH1H5aK+FsCCVN7ycS4Uq3OkkrlIpjKomOc5Gf8AB/TVtvl8r3KNaW7lBX2KWjqaisUhrbGCyTK45GPDjz8/01Gq1afZyufUfaH0FXmalTjgc/pJyORJZVpIahNk77N0nCq3qfsDxrBFZYz0z3gLgGe01ClPe47dUVKskYO2oi8ieg/PTCjy3yJnWt5ibTHVwra+eEQ1BmqZoF5kCgjbwAcKPcDnTykETJZArczRTXiSKnETpHKAP+8uWX7nnVCjA5Bh1ZT2MzL4tau4RxTEpFFHho2UuobqQq9Mcg8+Y50KpXZieTz7TrGAGOBPHhNbcGhd9ysgGw4Pi5OPy07YnpwOD9Il5uDn2iS4WONal3aQpH/prwQdKP4nbWmzGSPeXXTqx3RDU0kiTBId0isMhm8tM6fxRXrzYcGDs0xBwsZdmuziVY7+5mRI3kIjji+YspweevlpTW6q0NsoAJ75hdPplcZaXVXQWqgjjqqC4u0s3J7zxbwPMNgcj0Ou8M1uptc16hfzx+8HqNMqruSa2qGMD/AzAVWCQWXPQZ8umm9dvVcc4jPhtaE+ojPwYlr+0VyntdTb6iuDwVKd2yryec/KM9efLWQtrZxNe/S1MpJXkA4/MYkvETbJe8S4S0s6bohsjGQuehzn008yqw5mIljVMSpxPbjdYqumhinlqKyVOf3rBUHuAoBJ+uqLWifdEm3UPb945i6CuwGCxnvHIO5QMKB7atBAmFUFxqKS4CsEjmQvvLZ5J1VhkQ9Fmx8ysqVttfiupZIlqpv+vECMo2OoHv5+499ZtquuDPQU2IW2Kf8APiHW+EiMR8bTwdvnoaswOQY81SOMMAZ9X9nKuoECWuX4dSSJTvOAPp/60ZLQOW7mP4hpbLLValtvzyf2iW5W6OzXGGlhmaoYndIDwefI+Xvp7T2sSCR3MbV+H1/xHV/ujP58f5iPZLX3lrkNoFM0irkxqxLH1A8s60CTPN5wckySobNVVMwPexUzDxuJjt2KD5jqT7aTKm1sCb+nu+wafzLDneOBLXs9JQ0sDHwzCBvC0i+HceSxB6+2dFsbaABFNHWuste+wcxj+2RdhPbHnXvpF2xK5wN/Vf6DSrjcJu1EVOH/AFkPW3K8Wyd0FRNBPExVwD0IPQjoR7dNCq9B44mnqkTUphwGB+Rn/DK+7i21dspapYliq541kYKfl4/l07ZqK1XJ7nhtPoNU1zKnC/Mn6qWnggb5dxGO8xgD7eekW1DWN6RN6rQpRWwds7u4NRdoaEqy3SB1ZeEeJN28e48tPIMjmZltdlZxUeJR1Fjq0lNM1M6ux6KvhPvnR1rZWGIRb0NZfPEZ9m6MUPx1vudXCLfUrh13fPxg4+oP6a0LNOSAyLzEH8RqY4VpG9q+zs9skqI4F7+lkfMMindxnKjP3xn11DVjyt36iMVObfSIXT1FVUWCntyysJsFXjckgDyK44+/XSOqoFo35xNbQ6htOWUjub7fItotz0VYIUdHB3OmQfPI9eulhWQQo5jtd1br5jcAQe1yQLc6y7dx3cPdLEuxeRk8kg8c/pqzUvuAxzEzqamXep4myruCUOx7exWSqcFpAcHYM+H6E8n/AOI1qaKnCl3mbqLfMYqDwIRNRVFbEs9OVlcZYo7ZbAxnr7f0029auP4giSah6274i96gUwZtjGdSe7y2FXdjdnHJJ2jz4wNZXl+U52nE1C/moD2DNtrbuY4WzlmkLKT69Ofy0vU4FxB951inysxl2ziiC0t0pf8AoVieMfySjhh+n9dI66orZn2hdI4YFT3I1AGq0Bbwht5BPkOTpFRn2jLZMr6CJaS32+HO1pU7yIqOQxJY+L1OdauoTAx8gStJUEhewef3hFBTz1kRmqEp5RWbXnVBy7DDAenPOcY0r6qdr15+O/niOeVvAFhyJure0dTTVQpUpSkz5EUSReIj2A1d2JMMtVQ+MSYnsdXSrWXM0JgkizKkLrli3X7aqEYthpJKGo21jOOpNV4N3eKeWshSRk/e7zjJyTnH307twMTAJ3nPzB5LfSwMn/OJPnr3S5OqmSFmU2wKI6eBY1B6nlifU/8AnUS+IbZrFUXZKiSFSYoOX2/M/XoOp6dNRzLKuZV2bsxRvDJD3fcXWlAkiO/ioj8wQfPr09NL3EkEGOUAI6t+saW2PLAHnH6az1GeBPRs4Ajarr4aFDEros5XOW/gHrpzS6fzTlup5jxfxP7N6V5c9f8Ac55fKylWrnZ172c9XyQPduPMnWmNuTj24mNqd6ItSnO4BmPyTz+kT0l0loajvKZyq5zgHI1IPOYmaww5m6W4SVtY05bl+GGqA4JMbvY26ZB/68SgskbA4JQhyPn5XP8Avj76q/Ig9Beartg6M8q0o7PdxVGaU1c9QjGM9I+cke/11Q8jE2hw2feau2FJLUdp2hptpetZWjGcAlhjj8s6AcA8zTqYinGepQQ9j1FMy09ZVT1UAxJOqr3SsB8uDyftoeA3JHEUZjng4kp2ch/aF0q6W4VKqYoXIDHG51YEAD7arrn8lFNXZMppt1jnfziaK601KTd5W0Dr3viRSnAHsPLTKPgYEGaxnkTqna+5vSR/s8yEu3JIyByc69V4dp9/8SeQtZbHK+wkxRUxqyN7E60bLNh4nBFT7sf20tTu1vnAeORSEDrkDIwCM+Y0hqEWxPMHtLU2mmwOOhEti7PXGW5OGp5ou5bJV1wGXOMZ6e2sp0Hk4JHJnoftVfnE54AzmHTW6d7pHQVCx7Y900rJzkHnr5Dy41YItde8d9CLLedU3lEekcn6/EBekjqLhVwMO5ppgMzyEkIE5J56/TUYbAdjkiFcIrMla4B/eTd4+Bqb2tLbmmeCFQiPKcbvVgPfjRWudNqsISjTCzdgylscjU6BKiJZVc/uG3c9OhzpbzD94EgzSajtNoK4/MH+8RVsPfyO64O5icqcj3504KwwmOzEMczQ1bNToiCnDhOni98/30k/h7ZyDDDVDGCI7imN1tDU/dkioAmjjz8kg4IH1xqNcieUA7AGC0xYPkA4krVxG3d6KvKVBj4hOCwzwRxn31jUUm0gqMiabsE4J5nRPgaeso6SjnU4ihQs4PIYqOmtC+zd6fiF01W0tYD94zRbKC29mqmV++kncjwKxLbF/wA++lM4joQnqK6S5vU9tbXclXGyqijjB6hWYK36MdU3eoSbqh5LjHOD+xM6Bc6CSGsLS4PfDeQenuNae1X5ES8LcDSKmMEd/nzOT9u+zQtk8VRRNiCckrEOqEdcAeWhWDaMmL6mna2Vk5a6bvZUAG8EgDHiB+40PuATEcdpKNLXb4GI2z1LEKCMHaOp/Mga7EJZhRgTd2FuNXR1TtQOFJTAcxqTGSCMrkHnBOhW2+WsJpaBccHoS0W0OYe9mA3N4tzjJJ0gWLcmavoUbVHE9p1aOln2YBd0jX25yf00xp1UK7Qd9rOyIJK36julV2qNEm4GrkHcOR4WG0efsAfy03pmBrABnmvEqGGqYkd45/Kb7l2H+GRBPce8mx8yp4dHKYlmw6BW9otHZKWJyJpYXkwCNvAIIyDqQJm3PtfAm2n7I1csyiOALk/NuwDrtuYD7RtHctKLslVUiLOsUTKg3NGrjxfnqrKccRrSXV+YHfqRPaFEjqysFMQQxVpHwe7GeTnqRnOgKcmb5IIDD3mdFd3hSCJXWp7rgz7PkHoG8h0/LUWV5HEIluODMqG/13fSpQVBUZJDZPJ1QgKmCJcHzHIEHq7ndHpUiuUtwqSnSSOpbxe7L0J99B2q5ODxLbmrA3DkfEqLXVw3a2U8jjupYwVdT19s++risrI3buTBu21RK98kZGWSMBTE6HKupHUH65H217vSYXT49/f6TxFNG1m+vMXUt0amHBGdWK5jBrzKfsvWy3ypIrdiJSDvFm9BjofbSmpUUJuX34xFrxghM8mVNzqBW0b9/US09OCCiQuuZh6evOshT5TdZPX4TTro8wKB38e0Qx3+kip46OC2vEHHCu2Wxk9ffTKV7mLM3UljZWBgcmfXm1C4wQ0j13wbvnu1ljyrADJ6HrgHREIXLKufwgWv1CMGs6khbRark8lu79VqoHJpKkjbu68Eeh41F2M4I67HvNCmx1AcTOkowal6KWpeOtLD/lxIxBIJO4DHH146aoV9QKHj4hQUKM1q5YmYCLN5mpLbKktPEwRw55LeeD7avv2je3XWPr/aUSlrTsX739IdNaZSPDC35aKl1bEAQdunvqXcw4H1gVJRSFpp46oioGAgY+EeWSPPHA1leJeHCpfP28nv+kb8J1yW3GjPIHEX3E0NJX09QaWnfGJJtyna0nUYwfPSVGrsrXYp4mrqtJWx3NHC1dfdKlZaV3iic7nkzjKnnVaKLNQ/095e7UVaavPHHQiRrpI9bJRU7GZxIVkLcEkEjr5aLdXp6Tt7IgaNRqNQARgZm68TVtoulJcZVVY2cTRBDkI6nIH5411JoY+oQWpOprBUNkEGd8uMQqaWGYoQQMkMOQCNXqYBsRbTOVOPmQvatIIayN5Imkl7nAB5QDOeh9cYz5Z0HW2JwrR5ansO5DyJEf8AD9DdrfUVxjFPVrOyERnAPp+mNJBGXGxuPrJ9NhIsTn5HBk1d7GlF3fxFRUk7fCeCMe3npoHjmJ21Kp4mNiu0lgqlaDY0TEbhIvH19tUepbDzJp1L1Dap4nSYO1NJdaaQUzbZYuJF/uPUaTtrNZxNOhxbnEAoK0T3qOneQKsvK8+f+86vWpPA95axwhDH25lC9Y0tTLSUciptGInIBGccH+un66UQ8TB1WqcrljFfaYz0BNVU1MsgqZgIkmOFiPUqp640ZswHmK/CkGEQN+0IVkRO6dEEYjfGcKMFvpogIAyZkX1WM+E5ycDEUXusp7fE2+pEs46JG+Nn1x01mX6gtws9r4R4DXQBfqBlhzyOB+AP7xd+HnaOr/4php7hVSS09Z+7VZJCVjfqu0E8c8fcatRYVIgfFtJ9qVn2+oc/l7/9xj2soRVVczQJuyxOMdR/60QghiREKLVFKIeMCSN2ar+F2zOoUttwuen9tEEK1mR7QamkSnDHG5scHOMaINuOZRWxyJ9HX1c8yQxbpZH6BRpY1LDjUP0DKyy0S0CytX3JY5ZiD3caBtv1J0Mj4EIM+5lFb7Cu16a5wVIjcHunjhdyCOuAoORr1uo1oTDIQT8Znk6wXHAP6Qan7L22RpJ569okj5kjlgaOSMerqRlR7nGofxEA4A5/HiWYXAcL/I/9RvVCjsts7qx1C7pCRJMBncf5QSME6DXZ9pt23e3tAop3CwjP1wcfhJyR6uubvI4q6qMa7C1NTyTYzzyUU40c6bTU8FsfiZotqLryDjr8hNtnLzXR6lqSudaVcNihlYqw4IwFzn2OkLmqrGyts/nD177rAz8Qt7hJWVS1tNbKyo7tXijljpZZUAPDcqCM8EH056aWXVbFKj3mi2i07geY385PzWe21rR93RskoOY3oi2/7AZ3arbqmsYMe4VtDSq5V8Z/CZV9uuoqIq6OaoE0ETIe8opEnKHALYK4wvGW6DPlkZdosruYKW2/jMrV+ZpxwN34HImXZezpTMz/AAVzLOA4KUUshdWzhsgHwnnnGD5HTtraaury0cH8+ZmrbrPMDHI9+I/ht7l2D1E2UPiheJkdc8jKsAR+WlKUQNuU5jeq8Ueys1FMZm40caLKgjUB/CwJ5OmbW85Nr9TI0jGiwWIeR1J4dlBM7/HTPNH3m9R6DyH01lU+HYsYWde03b/GrLFATg+/9veOAkMEaxoiLGg2qqjoPLW0qbRhRMpnd/U3cmbxaFW5ftCmdY3mYCVWBwT6jH01ma/QqzeZnGZt6DxB0wuJle7hSRU1v+OR5Y4pu+jAUnvACOOPcDOsryjWwxzNW6+uxCH4nX+ylfebtb5Jb1QR0iOB3QWTL4x/GPI67Do3q7mc+xCPL9vmS3bazXCneqvVHPDLCEAqKeobZsC8ZQ+/p5nz1N1HnEEGMrqWp9Q5E53b701HFVUqqe+mm3hgeM4IP36aq9QXj4latRkk+5mqSf8AeGSZt0h651TEJnPJi24tHLiRFVWA6gamCfB6glmmlpqppIzwqnIPTB/8nQ7ACMGF0m5HLD4j/s9UNS3hJch5nGxWPIBP+zobr6SI1WctzKK508rzLPTVwjMeFjgpxwPrj7/npmp2PYxFL6EXo5/KG1t6qFs89RWJEXpY1kRnb/uHhR9c51e6w7In4foql1AwMCSUd5kS11FNJ+8km6yseV5549ffSQvcqUM9I/hNC6tNWpwBzj6xDWPvbaPlxwNVRQsZ1N7W8Z4g9PJLDNHLG5DxOHQ+4OR/TRUALCZtoOwg9Sjt3aK91lTkzxNH/wBz92Bken103nbMn/T6tR6T1MLhV/tC6JSyiGPcNoPAAY8jJ/TQt538xi3w6qmjFHYgM9DKngZGD9DuGNGMzq33naO57b0rKGsJpATUSIVCqucj6apkZxGGW2v1YlXZrfJBA81zSR55zuwwyQNcYROvUZY01wpbRaqmuutz/Z7vSlIZPmkVpDgMqdWI4OMHWj4iwazavtMTQqMl/bqZXq5dn68XyNO0NphkutnWBXqKpEw+HHIJyD4uh5Gs8gjiPjkSauUVor+w1BaI+1NiinttZ3pZ61P3gUH5cHJz5aP5w88WyqghcGZdl+0FBbexN5qKuqcFoYpFgSp7iZs8YU5yG6dPTTPiTB2Rh7iDpB9X4xz2bvlDL2e7PywX6jtyxVrT18VZXBZHj8fhJblvEV5PXGc6QZSpw0PGNs7WdnDDTu98ihjlvE/cqk6qCPHjeP8ATJHXpkr66rOxIOx32an7SVdQtfAN9xctPTTIY+7LjIzyMEYP30M2HftxNFEV9IcnqVVJ2moartj2skrLnBV22noglPEJ12FSBvCt0ySBnz41eZ4GBkRnbb7aGvUSQV1LT072JBHA1Wo2NvOFJzwQD9edTIkp2f2pd75maCSTdDloa16vC7Ohlbrznjy6dMa09BggzO1qbmXMp6KjlrYZmAOIkJBP8XtpyyxaiAfeKBM5Akj2hqKxaF5aSUxiM5lwPFtP8Q++qa3zK03V8RvQik2AWDOeviL7NdzWw7JX3Sx8Enqw8jo3ht/nV4b7whtbQtVmU6MMr8LTCWWWKCBDlpZTx7AAck89B11fWuqrhuoLTttfjv2xJe6XyGoAWjQhVG3vXH7xvoB8v251gXXmw4XqatdJ+/cefj4/7nSvws7Zq4p7DdGIqpC3cSk5Dkc7Sf5sA/lqjtuwD3JsUn1Rt+Lkxh7G17QZJWSIyBfId4uf8/bRUJVcwQItrZQepwFZySHycjnOgk5kqcHMNSvSoYK7BS3meg0M8QwfMoIrLEsEspqIKh+7yAjggDHpqhMaWsAZzEVsp2f4lEViRESPfnjQ3OMZjGjpazzAo5xD7Zn4+mYo/gOeFydc/IOJahH80cHiVz3NaYRo6oneDcu/gMAcZB+ox9tVStVILtgxm4vbnykyBA7pQvf44aanq6ajXcC3fyEIwA46A589MWVOwG3qJ0lKWJcHIHUyqfw5qRS97TdorVOV5KtJsB9s5OhClgcwjeIlhtKmRVVSzUcssVSqGRP9OVZFP0ZSQfz1VwRxHKirJvj2G12Ont6O/wATWVjgEb8JGpI64BOfvpiunDZMzbLnYcdQCpiaFsUgWJhgYHnotlZ7WV09wVtp6iedJKh5CVzuPJIxpcBicmGtIOQTyY5oXWOCON6hpWUcZ5+g58tE3g8wdWmSs5A5+YPDdfhr3BUqxAicA5/lPBH6nQSfWDGHO6pl+Z06WlpsI88sXjXcodwvH31z2nMWo0yFcv3BKa81nbG5NbYbZFLTqDJCAFBiA4yxbp1HTn2416d0p0g32HJnk66XP3ITWfhfVzLLUzTUSMF3EcuT7bsDSreI1k/7f846tLqPvQSy/h/cK6309fDFblFRAskXfyNuUNyMqEx+R1Y+I0j7qSDTYx9RgNf+H1ZYlkut+jpK2mjYH9wSVjz/ABOpA8OcdDx1PHIFVfXdYBZwDJvFoTFf94f/AMF3TtRaqWqjgo4QS21qhtvgzhdqqp4xz1GrX61RmrbwJfT0pWvBz/nMXVf4e3rsyiV9TV0klEmRNJAhLU6kHx4YYx5HHTOemSMoKC3eI+upKjrMb1VgisdvpbjcrfRmneNIIzDIXLyvxucbQOfCOCcc+uraVK1f+LMzxi3WW1j7KcfMU3nsfXdm4VuMtLQd1PMsO1GMgBc4XcpUADOBkeZ1A4csvH85o/wb6BVcOeM44yY3Tstd6K9QUU0Fqqp7hTvI7MCqbY2TOfCTkbxjA9fbTFeo2rhhz+H7wNyUW4GCAIwulPN2YFEtVR0fd18606Cn5USHoGO0dfXTdepqbPGDM6zSsejGv7RuFtvlBZKilo4payN3hWGRmUBcZ3EqOeR5HOl3tqYE85lBo7B7yX7RolLebrSSqMQUhnm2ElQjggDnHORp1NWltG1uxIal6iBnOTxOTUFZU0czSU7DeRg5GQRrKp1FlJ3Vmbtla2ZVpuutxrbnIj1LAiIYRBwq/TUW3Pa255SqhafuiCQhsoV8TZwFAPPtoYUk4XswuQBkzq34Wdju+qP29eCVNFIGp6ZW4DAZDMfMj0/roz6Zqiofsxa7UDYWHQ5lneO6uFDVw1Q3xzRuHX1yDxpoqApWNaKorp9pHJ5/XnmcJuVnjhoopKSYvNtzJCefD6j39tIExULxEoBx01EkQ6ColdRFjL/Kuq4hVaVVjtj0dNmQDvZfE3PT0H+/XStpJbE9P4ZWtNG49n/BCqh2o8SSISpODxq1CZfmT4jqP4OF955V1UVXDAeZBTI2xP4hlix4++j2V7rAT1EKNStdLBOGmEV7pWYR01LUyv5BUH6c6b3KB9JmDfYxAGTEl2vk0sxU0/dhDjbjO0+58/tqRYGGVgrEZH2uOYiqJpZqhN0hC+Y6eehMAxzJ81lGAeDKS33Skhp1grZtjD5SELceXQHRQAZO/EyWelqpS0UgMI/mG0MfTny1IxOyCcxVd5i9QzI+U4AA6aDeeISo+vMC+MlWMqmF9TjSn0ju7jMDdzyXORqQIBn+ZtZ3n2vM7OcAAsd3H1J/TUkSyNkcTvv4XvHU3C5SrTrEyxorY8ySSdbXijZKj8Z5rRJtB5zFNxhF77T9oUrrhWItNUrDBAtU0cezu1JG0EZJJPXQNJUr8sMwPiGqellVDiVlht9RVdgJrZBO9JPJDNBFLkkw9QpznPHGgagAWkLHtO2+tW+Yr7bGo7L/AIVPbHmluFbPCKDvnDEyPJ4SxPOOCcZPXA0NQWYAQpYAZMM7UtNZ/wAKZ/gpGhmhoI1RkbBUnaCQfLqdRznHvJHtN/Zsyr+HIFdMZ3FJJvlkcsWGD1J664qVO0yz7cnb1M+zdND2l7AWL40hgYaadtvQtGVbH5jUSse11PRXulno5HWVY5VEmw5KOpVwPY9Drp0QVFZ3n4rUtH5QWZ5APQvJg/8A5jXTo2rYbZ2nppaYTd58FWpv2cGOaJlcA/p9jrp0me11XT0f4m9l56uZIYlpKnc8jbVHy9Trpw5nLu3XacVHartOtvkjnpawxRiZH3DakajAPpkHVg+0ECWWkMwc+0kEk2rwNDjQPE+Em5hnjPGpnZhEbpHNE0eO93rsPvnjPpzqyEhwRIbGMT9BWFZKHsU0rKUlqGLDPmCeP0GtbUsLNZj4md5YsKVf+zAflnJ/kDA5ZgIjk8aBYdonrEqG4yTnobcZGK0cIJ88HprEtv8AVxHV8M0+OUip+zVqd8pCy+W1XIB+2qC9zBP4XpRyVx+ZjCjs1HTkLBSonq3/AL1bLN7we2mgehRGyW7w7m2qPXVxVmKvrwvAk/2ynhpaOKngnilkkfxKrAlQNHqqwcxO7VmxMYiK2ywnLSybcISnufMf10aA3fENp7vQULirpJ0jnwQGjQ7ueCBxqSARgzgwU5iurgnrJFPdmKlIBAY4bJ6lvfOlDqUA2V9+00x4de7C3UD0kZJgBgge4CKPBig/i/mJ9/b+2nBnjdMhwu8hOoDUkQzOrnLK3X199dmDP1hdHMopwvQ8nGpzLr1B699yFlHK6o4yMS4bHIgJlG3JODjnS5Q5hxcCsxiR6klUO1P5joiJF2ctwJvFIMYM7Lj0A51cqDKDI6M7pV3SDsGDNGY6uqm8MlOW2ZXOR4gDgj6H7a0dQp1I3dYmDoXZCQecwOq/FOxTxSPV9mKzv2U4OIWyccZbdn9NJGm1epq7VPcXWPtjXy9hDYI6OoqblPSyQrVipRAjMCAxJIORnPHpq50trervMXN1VI2ngCP+1lVfYOwzWuutC3AvSqklctWqCNhja+CCSwbB44yOuqCtt38PuTXeH4cf3gFm/EwLbaS13Kzy3GfYsZaJ02v6ZD40R9NuOajkftDqGAw0V9q/xPevs1ZY7VYvgxNE0JmapTEQPXCoCOmfPSrcEgwwrJnvYf8AE2l7N9nKa0VVsrapqYuFmhZMFSxIHJHQHH21ElqzniDdlvxUFlnvMlba56g3CvaqRYpUGzKhcHPsq9NEWtmGRBlSO5hQ9vj/AMf1Paiotk4glpVp46ZJVZwB55OB1zo66SwqTImzsz+IUtq7QdoK17dNLTXGo79KXvUDxtjGc9OgwftpaxTVw3cPXQ1i5Wbrh2tpL92norrfuz0hoKOmliWmSZJnkZipBKnaMDB4ydD3CFGjvUZAkL2impLhfa6ptlvagtxYGCndVVkG0buBkDLZPXz10hVcLtb2imMgkg9AeNTOmvOJHBOB5HXddyPeUHZXstce1FV3NsiCxDAmqJOEQf3PoP6asEJGT1BW6hKuOyfafpUU0iUKQusbJGgAGOmBjRQy78iZzrcF3H2ke9C9TDcVTJlp8MB7ZOr3tuys9Q2t+zVUW/8AE4z+HH7dn6ZkjKxJJGsBuTPVrjqYo+11LdM6hTzK2puUgTT2kv3waJS0W0z5zJL/AKY/lHv761aawVyZ47U2MtmAYpnqw6d5UzOQefE+f00cLAFh3J+6VqzygouFUYB89WxiBL5M+s1YsE88cpRY54Wj3spPd+49+NVYZ95ZH2nJhhdKaKPY8M4VSUI6+ukLdPcDweDN/Ta3TkDcoyJou13E6xxUe7YvLu3VvtpiuhK1wBM/VeI23NweIqiqDHE/i6nPA5OjZmd9YuqHZ3LZ5P6agyhhKTDAOeNTmXE1zzs/AOB7ajM6DNtaQDGeOdRKxmjIlPhcDA1bPEJxiCNknO4nUSseVdXPXTGaplZ3LEZJ049jFsRaupEX0ieK5kWIN0OBrvNPmKvtLYG2WMNPDTVqwxIAqEAevB1IZlbIMeemuyvaRxLT8QZni7Hw7D82M/YaJUBl2+k82qgWIvtOJQTSljL3jBwvBBxjnWatjg5B7noB6u5g7YBAA5OP9/lqh7lp9I5SMbdcvLATm6htIqpQoyqMvuLe5BxrdrUKoxFCZkDsjcgcg6mywqhYDmcoBbmfUyKveygeJmGc68/Yxb1HubVVaoDthhlcINpxocIGzFdaNjFh1Izqy9wVo5ixziQuByedXiHvH1kt1LLSrUSx95If5uQPtr03hHh9D0i1hkzK1eodTtE61+EsY+IrWGQERQqjpyTnj7ar48diIAJTSjcST3OlSD9049jrzy9xm3/bb8JO9lz30lY0gBJIU+4BbRrecNNLVoBpql9iP3USBvMSQXaqhjGEEpAH66xr/wDcM9P4Ra1uhrZu8Y/Q4/YRZWyGGkmlTG5ELDPrjVKlDOAY5qnauh2XsAyNd2YMzHLNySfM638AYAngy5cBj2YGzserEj0OoErnM0Snw6gzpS/htSwVXamJamJJVWFpFDjIVh0ONVgdQxCcTL8QrdT2u9MaINGJ0MrIMYU58h6e2pIk6dy1eTJHecAHGqxgdzURxn31EkwaY41EoZrRyp2jprpImx2O3UTjPKUeM66csJfpqZczHXSJ/9k=	2026-02-08 08:00:00	2026-02-08 09:00:00	2026-02-12 05:42:37.145	2026-02-12 05:42:37.145
675b788e-0587-45b8-8612-8ccdf16d18d4	a6d7a2e5-369d-4a7a-9577-1543052eff5d	\N	Valorant	data:image/jpeg;base64,/9j/4AAQSkZJRgABAQAAAQABAAD/2wCEAAkGBwgHBgkIBwgKCgkLDRYPDQwMDRsUFRAWIB0iIiAdHx8kKDQsJCYxJx8fLT0tMTU3Ojo6Iys/RD84QzQ5OjcBCgoKDQwNGg8PGjclHyU3Nzc3Nzc3Nzc3Nzc3Nzc3Nzc3Nzc3Nzc3Nzc3Nzc3Nzc3Nzc3Nzc3Nzc3Nzc3Nzc3N//AABEIAJQBDgMBEQACEQEDEQH/xAAbAAACAwEBAQAAAAAAAAAAAAACAwEEBgUAB//EAEEQAAIBAwIDBAcGBAQFBQAAAAECAwAEERIhBTFBBhNRYRQiMnGBkbEjM1KhwdFCU3KSBxWT8ENiguHxFiRUc6L/xAAbAQACAwEBAQAAAAAAAAAAAAACAwABBAUGB//EADURAAICAQMDAgMGBQQDAAAAAAABAhEDBBIhBTFBE1EiMmEUQnGBobEGUpHB8CPR4fEVJGP/2gAMAwEAAhEDEQA/APkgFMIEMDlmqDQYqBoJRVDYjAKpjUgwPnVDErD04qhiQ23AM8QI2LqD86F+RuNXJfidztFwgR5u7VAI/wDiIo2HmKVjnfDOlrdJXxwRn9NPOU0QRVgOIJFWA0AwzsasW0ARtUAaAIqC6INWDRGKhKPY+dQlBAePKqCSCAqWGkGBUsYkGBVWGkGByzyqhiiTp64PnUCokCoXRZsLGS+uVhj2zuzfhFDKSSsdhwPLLai/2mtIbM2UcCBcIwJA3bGOdLxStOzV1DDDHsUUcNhinWcpoBhRWLaFmoKkgGz02qxL4BOx25GrFv6AGrQLRFWCSKEJDArH+FvlVDUmEFI5gj4VA0gwKoZFDFFUx0S7aQwSQSNKxDDlg46UuTaZsw48coty7ldOnhiiAiuS2IwlxCB+MfWhNKjUo/57G8KgrpIyDzz1rJdM9HSa5MdxzhnoM+uIfYSHKZ30nwrRjnuRwtXpvSla7HLIptmFoEirFtAEVdi2gCKlgNAEVLFtEVdlUCRvVWVtJAqWSggM86qw0mMEbfhPyqWg1BhaSOdSxm2ggKgaQQG1QOuC2sMHoJlJfvRy9al27NUccPSvyKjiaWRY4l1OxwB41bdC4Qc6ijZ8K4enD7YIN5G3kbxP7VlnO2d/T4Fij9Tj9rxma1/pf6im4XwzD1NcxM6wp5xpIWatCZIWR0ohMg7dIHRjI+lhyGdjUbLhGEk9xWYHOQfV8qIyyXIs1BbIokUSKEJDAT41QxNhjJ6mqDQYFQdEYBVDYoYu1CPiMAz0xUGIfG2u4g8dYz86F9mPj3ib2sbPRrsKureO6gaGVcow+VWnTBnjU47WYniFlJZXJik5c1b8QrVGW7seez4XintZUIo7M7QJFQW0ARUAcQCKgtxBIqA0RioSiQKlk2kgVA0gxn8Rqg0mGM9asNIICoGkGKgaQQyBzPuobDS4NTwHhnosffzD7ZxsOqj96y5J2ztaPTemt0u516UbqM32t++tf6H+op+Hszk9SXMTPMK0o48hZFEIkKaiESQB25VYqQB8agpgGrFsiiRR4UISGCqGIMVBiGLVMdEYKobEYKEegxUGIdb/AH8R/wCdfqKF9mOx90b4cqxs9Gj1QspcVsUv7ZkyBIN438D4e6ijJxZn1GBZoV5MZPE8MrRSqVdTgg1qUrODODi2mKIohLQBFQFoAioLaBxv+1QCiNJxncjGQcYFQm1+x7FUSggKgSQYFQNIMCoMSCAqwkggPAZNU2Gkd3gHDRIy3dwPUH3ake0fGs+SXhHT0emv45Gj9/OkHVPVRDOdrfvrX+l/0p+LszldR+aJnmrQceQpqNCJC2ohMhbVYiQs1BTBNWAwaJAEihCQYqhiGCoMiGtUx0RooR8RqgaCdQz+Hqag9LgJeXX41QxD7f7+P+tfrQsbj+ZG9HKsZ6NHjVFkfSrIcnjvDDdwiaFQZkH94o4TpmHV6b1Fuj3Mnjb9a0pnGcQSKtC2gCKgFC5H7lDJo1YIGD4mrStic0/ThuL9sEvreadHlGhSdDKcZAyeXIbc6c4xrg53qZG7sp6cojnYOufdvSPLOlH4oKXuSFIOCMHwqhiRIFWEkGOVQNIkCoEkdLg/Dmvp8sMQxn1z+LyFKyTo26bA8jvwa9QFAAAGOQHSsz55O2klwj1UWeqiGb7W/fWv9D/pT8XZnK6j80TPNWg48hbUaESFtViZCzRCJAGoKYBqxYBogQl50IQdUMQYqDEMWqHIatUx0RgqhyGLVDYjYPv4/wCtfqKF9h2P5l+JvhyrG+56NHqosGrLJNCUZntLYx2+b1SERjiQdAfEU/HK+Dka7FDH/q3SOCrpICY3VgOeKfycyM4T+V2eI2NQpo6Nlc8O9FaC7tGkQgnUrZyceFA4yu0xsXhlFxnGzkgW8PGoYT3iWpC6kHrlffjw50xbnE5Tjix6hL7o3iUxjETLAIlBwgC7YG+/jmpGDq5B59XDhYuyJkw0zMD6rNqBHgdxVdjb3d+54CoFROKhaRZsrR724WKPY8y3RR40MpUh+HE8ktqNnbW8dtCsUa4VR86yN2d7HBY47UNqhh6qIeqEM32t++tf6H+op+HszldR7xM81aEcaQo0aESFtRCJAGrFMWagpgGrFgmrBCFUEEKoNDBUGINag2I0ULHRGrVGiIa1Q1Drf76P+tfrQvsx2PujfDlWM9GiKgRFQhNCUcjtPYC/4VIgGXQ94o8cc6ZjdSOb1TTPPp2l3RkIIURiEAVivrKi+Fa2tytHldNkWLI78jQM4LKVU77jG3+80NnVjtmrXYrWa2trfTW11GzMX2AcgY8PzFPjta5OFnU8c3FHT0cLt9Y7x3Q+3gj506oIx3NlHjrpdXNnLqMNm40Rrr16ANiemM86Cck3x2Cx5Fyq5Q94x6PbyrIjK8YX1TnZAFB+OM1m80eiwOWTDGTVf8DrOxkvWZIca1GSCNj8aKMHPhEy5Y4vn7AeizLN3PdPrDadJHWhluXcfjqdbfJreF2KWNuF5yNu7f76VknLczvafCsUa8l2gNB6qIezULPVCjN9rfvrX+h/qK0YezOT1J8xM61aEcWQo0YiQtqtCWLNWJYBqC2CasBkGoUeFQsMGqDQYqBoNTVDYjVOajHJjUGf4gPecUBohyMVcDOpT/1VBqX1GROFkVmBADA7daGXYbBpNM3sMqTQrLGwKMMg5rG1yekjJSSaPMyruxAq6ZU8uPHxJ0T4VQZ4nG+M0JUnSs63DuAG6i7+a6jMOnU2htKacc84yapNtcHH1GuadMxV/aWA4/cDhUaxwQRomsE4Y43OOvMb10dIm4Wea1qUc20NeB+lE90zM+DpBIxjnR54xgrNHT55G9r+UyEEfpl5esQEAygcc8kjY58MZ2+dLukgMeJZ8s3fAEhkt37ojTJGSGyOvWmqRzMkHCbjLwW7q2hl4RbGJQs2HZj4kHahfgDRQlkz5FfFDbKdbjh0MaxBWg1bj+NSc/kc/OhnHydnpuaLh6TfP9i9a3TW1pMqaVOzAjr8amObi6Xk1arBjnFTn939UdThPFYXtjGqhCvrDWPWbnmtTe2PK5OK/iybocJ9vodHh0sksRMoOQeZHOubqIpNNHsOkZZSxPHK/hfnyWiyr7RA3xvWdKzqynGNW+4DzRoN3UbdTVxi5MVm1OLFG5Mp2vEkmm0mMx4G+rxp08O1Wjk6PrCzTayJRXjnuXldW2Ug+6kU13O1DLCauLszHaqaOS8iiVstGp1Y88ftWnCuGcfqWRSmkvBwDyp6ORJi2ohEhbUQmQs1BTANQWyKsBgmoUSTq8qgV82Mdy8hY438KoK7PA1A0MBqhiYxTUY6LGq50FNtJOaFj1KlQa1Q2IYNUMvg6nBeNGzHo0sQZDJswOGGfqPpRSwxnHjuZ8HVculzSjk5h7e34f3OjxC4jl1OjtokwoHPDeXh41ThGEUv6mTNqXqc8sslS8f5/wBHR4feLPGBqUlfVLA5yeorJPG48nqOn9QhnSg+5adWkXu493k9VB4k8qU+x08kkoNsv/4g8fuODcIsrC3SMPcDTIcYACj96mGHqJo8lkyvDPeuWYizu5riNnhiwZGYt5746+6upFVFRRzMmTfleSXk9xfiNxYcFUW7lJJJTCzg7hcE1Uo2qYxTlihcXV8HBtZRw3hiSyqrNPLrjjORqGwz7tvzpTW6Rpw5Ps2m3PvLsVTP6UWneTDuSTqBwT7xWhNUcrI5Sk5Puy/al9GGA9TAxnI35UEhvTZxhna/mX7B8NxZ3JilI7mRSqPj8qie6O0LU4J6XURzQ5Sf/Zdu+HzS8Ma6g0smRg55r4j8qTCVTpnd1WKWTTb4O0/2F2NuLSNPSVaeSYfZgbKPEZ6VpbpHAq3SNVw70juVNwyMCMgqT6vkdhn31zsrjfB7bp7yeknN3a/yyOIxu6wGOVE0TITrOAwBBx79qvBFytL2F9StPFJfzL9eDl8Y4hc6rqKJlVYwFIdOhHMHNFjhFqzB1HXZYZJY1VHK7N3DxcW7u7lUK68pTzPTT06UzK7x7kYOktY9TtlS/E0nGOIJYQkRgCd/ZHh51nhDc7PTarOsMeO7MhLI8mC5JOSSTz3rUkefnJvuIY0aESFsasRJi2NWIkLNWLYJqC2CasFg1CiRULCFUWEKgaCHSoxsRpBVipIJHUcqEb2Gr7BY4+e9Ux8HxYYNUNTGKagyLFXOu2QTx83O4x0GP3/KnY5uHJzNal6lJlZ76VrciDWA++lQTiryyU+yMeP4SzwlOIxqpj72GNH15ZSPW/ak7LVM24JyhJSi+T65/h5ay3ei+v3RnRtK6Rtz51z8iSlSO5qdVklgSkZ//HFFivuFQq2T3UjkcuZAH61oww2nIyzc8aszaXaQwIjvliOQrXdIxruUOPDPosLKA0jFiFOwA2+e5pdts1ZYqKjB9w7u1S/49FacoliVEXpy2HupumgpyF69uLS9kcWSJred0R8BTyB51Uo7XRibtFjhNjNc3MyWwVX7hnGXxpC758f/ADUUW3QrLlji2yfv+5s7Hsk99eraTTu9u8KzJcIultxkHT8/fV+m1JWZ9R1+H2H/AOm6n7Ujp9pOz/D+ExxGwEmZWCsHlOk7dF5czQzilyZ+jdSy6rU+k5tRr9TJxpJFfxG5ura2UOBiZ8bEcx5VcVvR6HUp4XzHn9zUwaUdo7dXeNcZbHq564PUUrU4saVnW6LqtXK40q9m6a/cdMIyqiUD2gR7xv8ApWJJ/dPRzlBJepx/v3MvxucSXksAKRpIoZidiVxWnHxGjzXUUnncn2fJTa5gELQxRrI3sLnkD13rWl4ONPgTczzzshuFTWiBdSn2vDNJlXZLsdPC8svjySu/0EOT1qkMkLALNgbdd6sS+RTb0QhgGiEtgqNZOOnjUA7iyeflUFMEmrKIqFM9UIEDVBBCoEmGKgaCU7c6pjUMGCN6EdFjFNUOTDDBVJbYCoHupWU7m4e7ljhBBVTpUL160dnLk/UyceRk09zZAdzLoVSNGjY58TUt+C8mJYp7e52uAJe8VikjM3dqAHDkZMm52PkCPzpWTI1GjpdO0bzzbuqNZD2in7NcEVrdEkm33fkcZrGo75HQ1Sjjw7pmL7W9orrtJPbX/EXiSbuyndx8gudv1rZCO1UcDJJbVSI4NEbt5I5ZUjSJc4ZhkgDfejteQYJt0gb5Jbi8tZLeFSuVEMZPrMOecee1SbW2w8ccjyRVcuguILLw3tMpklco5WQFuePAHyotLNWhvU9M8WdxfnlFTjMccck0iDSFujpPkdx+lNzNrI6OVFvftH9nrtoPS5gQCYShP/KTv9KrffJm1cN21LvZvf8AD28llgEMmrvURVAdi3q/p7qqE3J0cz+I+nrTwhm8S7r6/wDJyePX0d9xqe6YM/dDu4wW29XmfLmTQOds7+g6PPTaLG75vc37Wu31M32hna5a3t9WqdCGyQPUHRfpQ44NHY6hmU1GHld/zOpwPtDf2DPZyrDdxTxk6TkaSPdyBx9K0vLLHCqTvk5mHTLNni1NwavlCb+d+IXrXUzFV1ZjhRiFQYG3nyrLKUX8saO3h0k4162Rzr3C1xXN0Jbz1lVDrOcDABxt78UvlGrMoTbnPwiil3Iil0gUwx7uwj6npTrmkede12j10Nax3CjCyry/CR0+lVJeTfpclw2+UVG8jQ0NkxTE0QiXuL6VdCGwCfOrFNgZI5VYDBPKoADVgnqso9VF2TULCB2qgrCBqBoIVTGJjFPgM1TGxYwZ6g/KhHRETpNPIY4ssFTUwU0SM2VTyS2rmh9pAIMuTqfBXbko8qFj8GLZ8b7lO8SQnvyCqscEHwo6pGPLPfNs7HBr+YRK1uNCWwQ4HI5JBJ8c7UqcUdXp+eSvb4SD7R3y8Tu4zEuViQYAH8RO9VjhtRXVdRHNmSX3V+pw3Ku5YqMj1SSNzRr3OS+560uhHp1RhghyuoZG1U0HCVNM0PZ8el8Wtnld2ZXMuSeoGKDJ8OM6PTY+trU5PtydLttYd7ZxXyD17ZsOR1Q/saVglTo63W9PuxLKu8f2M5eK11wueTOylZAPIbVuy8NP3PHKL9b8n+hS4dGkpRWHNgefhv8AtQN8GnBB5M8Y/mfReBTpY2Ru7ME3Pd/aYPXwxVx4Vo5PWnn1OuWmzusblx+HuZ4yGVzq5yEny3pXk9s4pY9q7djMzXkkc8rZZvWOWPM/GtKk0jzc/m5OxxFJbeS1lZw8RiRkKbbYJOD78UbVoGE9rv2DEgkQMmcEZGayVR6SOTckzocJ9UTyMoYFdAz5nerirkhWpybcEr8orcV461vM1tBahxG+7k4BOAcCtE5eDz0VfLOV6c7N3ThEidi+gezGee3xpbdqh+KfpzUiSc8zml0dFu0TbJHJMElJVSDuDjpUfCBxxjOVSFXaqk7IjZUcjRRdqxOZKMnFdgGjXudfXwq75FOK27hOasS2CasAGoUz1WUeqiE1AiRULCFUWmEDUGJhq2nqaFjIyoapONRYhffzqmOjJvv2CDdBnHgaoZGq4IkbELkLnY8qiLySqLKtz3ssJBJchSSPIAn6U2TOYo9y3wSXu7O+zjTpTIzvzNKkuTfo5OKm/wABULOlwjDeQHvNPQ7g4PlRPhUZYyue78ylcSM7SPj1ndiQo6knlUrgGTuTZpu0HBBacCsJI1y9suiXHXVuT/d9azwncmjudQ0PpaTHNLmK5/Mr9kp4Yb+JJJPXOQATz3H7GjzK4GbpEox1Svybe8iWeznjcZV42U+YINY48NM9bnipYpRfamfO7eWWKxaOTSwkglTYDYaSffzA+ddFv4UfP4xblx4v9mdHsRw9LqS5MwUjuQF33GTz/KkZJUdfomGOXJNvwq/qd3hUUvD+IXHfNpjSPLNj2hnYimYpeTm/xNgvDDC1cnLg53EbiCW+kmtlKx/xZ5MR1x0q5dzZ03FnwaRQ1Era/Re31MaqtJMoUfeNsPDJp74icuK3zo7trfmG3fhdzCk6RsDGzk5C+ApuLJxRWoxPHkcS5NHCIRJA+BsDEx9ZdvzFZZ1uaR3NPveFSkXOFYbTH0Clj787UzFHyc/XZbexHAv9+JMM8pGYgipJcmFdgGQPbSlgcrI2N8Z2BGPzpbNONXjkj2rIzUY9S+FAknoSPdVgt0wCc8zmroS2QH+zZTjOdqlFb/hoUTViiCahTIqA2eqyj1Qh6oWTVBEg1RYQqBJjYxqBGoKAMkmhY2Lt0Ez6m2GBnYeHlVDN1kg1QxMIgyLozz2FX5CnTg7ImdY7OS1ZS07cpMbcxn4YyPjRvskYINc/55ItbdI4BncSjJ6ZFCuWPVwwt+4ZtjKPSGYr3hOkLzwDUb5GYNMpQ3soPiC+TV92kik774yCarwJlGMM9eE0fVrm3S5tnhlUMki4Iz5c6wdnZ7ycI5cbi+zPmvGeHTcFv+5R5dGNUUuMFtv0rZGSmjxes0s9HmpN14Zu+G8QF5wVbuRCpETB1z1ArJKNSPV6bU+tpFlfsfPYMW8TzFw3f2sgC/hJwP1zW1rseKx5djb97X9TTdibQ2yyzsw+1QZUdKXlVo0dO18sGaW1cVyzeQwwXdkQCvegbgjcVMfCOF1jWZMurbfK8P8AsjA8diMd1fnAVY8Dw3IGB+dGlcqR6DR5H/42M/Nf3aOBZxZnBVG0xgZY+PTFaMrSVCNFicsm/wAIsXAU3cTZGoKcnVjO9Vg7h9RXxJ/Qdq1AAjB5UORfG0adPk/0E2dXgzevIwxk7LmnwVcHHyycpOTM9xzMPEJDuNbsOfQY/ekyfxDNlRT9xtiTJYXLqSSkiOM/EGh7pjcL2yFSH1m8M7VBvYAmoA2LNWLYJ55qAMg1YIJqFM9VgnqhD1Qh6oQ9VBIkVC0Gw0MVypx1U5FUE+OCRuKgaZINVQSYYNU0MTDDEYIqg7tULlXW5fqSqL8ckn/8j50TfJlUeH+NFmcCbCFtlAC+4UCN84KUdowue7QNyUaRiox0OEkc2ZA/EtDEAEg71fgwzjeopm67OcTEirZzn1gPsmJ9oeFZZwrk9XotVu+CRa7S2fpfCptIHeRDvIz5j9+VBilUg+p6f1tO/dcnJ7H3g4hY3lrImkA7kHYhgf2NNzrlM5fRcylgnhl7/uZPuDFd+izDJh1xsD5Vo7xTPO54vE2n3To3nCbcW/Dkx/Gupqzz+YZo5Q+zyn5T5O1Zu0ZJwFDLuTU3JCNR03NmyY7wvbJ/9+9fQxnb/Ut5ZyAYEmrURyYjGPyNM077s7nWdPDBHFixqopfsc6P1Y1HIgfM0cpbmTBD08aiIu2aPEgVSo2PiDTcMkjFroOVSBguFW17xiFAJ6dakvnsCEmtKVJeI3Kt/wC3ldI+a9PjVSm2+DGo8cnuIyyzzRzSkM7oA3j8aC+R+SFUdTs+gf023fCh4eZ6EGix92BK00yixOd8ZHhUHN2Qo1MAWVRg7scCrB7iyagqRBqwWDUBIqyM9UBPVCHqhCKhCc1CWjwNSi7ROaou0FmoWpI8GqBKQYahoYmEDVUMUiYcSyRqNWWkHx2I2+OKjBg05U/cYGxgNzqjTuoLWFUseQGTUC38FS0laW9LuoH2R+fjVtcGbFk35dzOismlgynSynIIOMUNHQjkp2mdde0l8FAYRMRsSRzpXpRNy6llqqs4fBeLzWd5cLHhRO+sjGwIzy+dMlC1ycbBne5xi6t3+DV/7k3pE3GI7g5CyyANj8RGMfMCmKNI52aWZqXru5dzXyXhh4WrxadapyJ2oJQsxaCb9VQb4Zzv/Ul4M+rF/b/3pPoo95/5LJ9Dm8b4jLxK3jWdYwIpAylR8MfnTMUKbo5vUdTLPBbvDEzSF5GcgAk5IHSpVBynbsW5UghsYouwuTTVMqWn2cTxyHbUcZ6ijkjDhlGO6DF3VrGZIxG2lSmceeTQoHJCLnSPXRVRECRs4J92KJIHLKkkWFmaPWIzjWulvdVrgttCSR4ioA2CSKsBtA6hUBs8TUKBz51dA2RUB3ImoSz1Qh01WP8AAv8AaKWdBKPsPRI/5Sf2ihtjUo+w5I4sbxR/2ihdjUoeyGpFDn7mM/8AQKq2MSh7IcsUJ/4Ef9goW2NUYeyGCO2HtQwj3oKrkPbjXdIFpLBPaS3+CCrqTI8mnXegRdWJ2itlk8liFTa/cpZsP3YX+QfrSjEfDoVztmRVGPyqqSdthfFJfDjr+n+xQj4RIWKyyxgZGQi78+lMeXyjFDpzups6kFnZcOt2aU97HqyTKoYg+W1KblM6cMODSwcnyvqZ+biNy0zmJ7dRkhVSDHX61oWNVycLNq8kpUu3ikWuz3CpVulupoW0HP3oABB8qHJKCVI1dP0mb1o5JLj6moW3ticejQZJ/lis9noowg/uor8aVeHWXfR2cDljpwUAA8yQKLH8bqzPr5/ZcO+ME23X4GVsVaTjFnN6JFHGrBWVN1bzxWiUKi+TzWmzf+zCSiu9FvtgI4uIxQwaVkSLJCKNznIHvocN7WbOt7I51FLsjVWVpHNbROyI5IzhlBK5peadujR/DvT4Y9P6zak5fpXgd/l0X8qD/TFJ3Hovs8fZHC7VWxiit+5WNF1ElgAMnGAPz/KtekfLdnm/4grGoR28W3/jFdmnMweCeC1eKJcLIsecnwJoc6iuV3C6PmnlWycVtS71/c7fo9t/Ih/01/as3J29mP8AlRk72yu2vJbiC3IxIWXAXSo5ddq6sYXBJnhcurX2mWROnf7cDbSzvbi8km0W0cgYHDqCpHLYA+VZs0Vj4N+hc9VleSFcd+OB3FeHz3ehZLS3VUyQIHCg+8YpcJJG/U6fLlq4r8nX6UU7Dh9/bSqWhJjHIMquCM8t96KUovyZMOlz4p248HX9JgUfacMUHr9kuPpS9v1Ol60fvYv0BN5YdbNAf/rWq2S9wftGD+T9iDecN/8AjJ/pCi2TBep038q/oAb3hn8qP/RFTZMF6jTe36C2vOGdEg+MYH6Ve2Yt6jTey/oKa4sW9lIPktXtkLefA+1CnktyNo4ceQWrpi3PF4X7CGaHO0I+AFFyJcoexVEw8aOhCmghdAcgaraX69HvTWHsqKm0v7S/Aa3k59lV+VVtQSz5H2QwPdP7U2keAqqQe7LLuxiwId5JHJ99Vu+gaxR+9JliJLdPZQE+JOaptj4xhHwWPSljG5VR4bUO1sd60YipeLRJyy/9O1RYmwJa6MfqUJuMXEhxCoj93rN/v4U1Y0u5jnr8svk4DiiuroZu52Az/Ecn4DpVXFdg8ePLl5yyOlZwWtp60agyHm7bmlScmbsOLDi7Iui66ZFDRs9cs21yEGs41dM0DiPxZkuWcjtXxFLm2S2VySH1MAdjsdj86dhhTtnM6tq1lhHHF+Sez9jDZ6LqZR35HqgckB/XzqZJN/gX07TQw1ln837I4F7NcDitxKZzI2sjvD1H+9qfBVFHE1b3ZZtuzS9m+KHuZI5mJkOCCT5UnNG3Z0egamOOM8Hvyjsf5iKz7D0X2tFa/vEnhaJwrK/tA8qKMWnYnPnjkhtfJnYHl4VdSd0cxvyB5EVoaU1ycOE56TI9r4Z0hxyAAGUsjfMClPE/BuXUsdfFwV7teH8Q9YOiS/jjOCfeOtHFziZ88dJqfiVJirQzcMDAoksZbOobH/tVySmLwueltLlFv/NYZSMyBSejUHptGr7djl3HreAjAdT7jVOAxahPsyGuj4j61W0jzWgGnVva0/FaumhfqxZXk7h/ajQ+5cVav3FS9N90V5ILVhspA8mNGnIzyxYZeCpJY259mSRfiD+lEpszS02Pwyu9kBssuR5rRqYqWn+olrZ15YPxq91ipYmhZRhzU1fAtxkeqFhLULQwbDYVTGpINXPKhCsYCTVF7meLsBkVdInqSK73MrHBbbyq0kBPLIWzHnkk+dXQtNvuEnr4zU7FpWy/AqpsqgefWgZsUVj+UaJG8aqhqm0EJX8aqi97DWRiRk1VBKbF3l1NEuEbGds1aigc2eajwVLRQ8w1749bfxo5cIyYPjlci/NNIIpGB3A2paVs3ZMslA4je2aecd8tlm3JClgSCOoqmBijTcl3R1Vnk0jfpSGlZ3o5ZbUC0znrV0U8kiJD3gAfcYzUQE3uXJzJ/VcqCcU1GCfsKIyD5CrFDYLiVYshz7ulU0hsckku5L4kAdgMnwqAt7+5CMY02wQW5Go0gsbaY+VniVWR2GemdqqkMcnHlMKO4kY4JGKqkXHNNqw9RqqC3tgGRvGoVuYBkbxqwHJi2ds1YLkwCxzVgNsWSTVgNn//2Q==	2026-02-09 08:00:00	2026-02-09 09:00:00	2026-02-12 05:49:28.476	2026-02-12 23:35:06.515
2df1e1fc-33d9-4524-a35b-97667c61b443	a6d7a2e5-369d-4a7a-9577-1543052eff5d	\N	Clash Royale	data:image/jpeg;base64,/9j/4AAQSkZJRgABAQAAAQABAAD/2wCEAAkGBwgHBgkIBwgKCgkLDRYPDQwMDRsUFRAWIB0iIiAdHx8kKDQsJCYxJx8fLT0tMTU3Ojo6Iys/RD84QzQ5OjcBCgoKDQwNGg8PGjclHyU3Nzc3Nzc3Nzc3Nzc3Nzc3Nzc3Nzc3Nzc3Nzc3Nzc3Nzc3Nzc3Nzc3Nzc3Nzc3Nzc3N//AABEIAJQA/QMBEQACEQEDEQH/xAAcAAADAAMBAQEAAAAAAAAAAAAEBQYCAwcBAAj/xAA8EAACAQMDAQYEAwcCBgMAAAABAgMEBREAEiExBhMiQVFhFDJxgQeRoRUjQlKxwdFT8BYkM0Ph8XKis//EABoBAAIDAQEAAAAAAAAAAAAAAAMEAQIFAAb/xAA2EQACAgEEAAUBBgUEAgMAAAABAgADEQQSITEFEyJBUWEUMnGBkbEjocHh8BUzQtEGUhYk8f/aAAwDAQACEQMRAD8A6X+x6OCmIkUNIRgOWxgnp/bR7dfcWypwJn1eGUhfWMmMbdQQWyApH5+Z66FbqHuwWjFGmSkELNdWJGYkHK48udUrIB5jeBjBgLo20lgduMnjy0wLsGUalSDEtdS01RA1RQlPB8wQ9ftrS02pOcMczC12gULvQYMXQLEWHf79hH8Plp6wtj0zIrWvdh8/lC54qBqYCnO2Vf4ieTpVLNQLPWOI9ZRpGq/htyPniLdPzKmPLOqofm4A9SdVZgqlm9uf0kgEkAdmCXSc2u4ilqsKgXLPnofTXnNP/wCQpqLvQuK8457/ABnp/wD48V0u8tl+x8fhPYq2lYCVmbuQ3iIU6fv8Y06o3lnLY44PcUo8D1bkFgAPfmLKC5zy1DRuQyF8LxyB5fXSei8Ru3BLTuzNjXeCac1l6fSRHJ4J16MYM8hz3PCAwKnoQQdWHHMq3qEqu1NSaugtIBG+dVY/U4/udZOhrFb2fSafiT+ctX1H78SywoXb5AYGsTtsz0ePTgSH/Fq9fsbshLDTvsqKwiFMdQD8x/LOrltqloJKRZYlI67P4D2/M4/LM/PcaccaUm7jM3LH7agmFVIwt9Es0jbgcJjpobviGWuFy0MUmwQjY4z3meh54/TVQT7yQvtPqWljBdJVDOWADeQHnrixAkqmTibr9aIrdLTLAzsk8PebWwcHJGP0zqldpfIkqgOYr+Hz0B0bdKsnxM/2e7Lnbxrg4g2oM8WgYdQdWLwQrjC329ncFVO0dTjgaurj3hEKofUZSQUjUscbEZEg4I5yRrQ0+oRhxNCi1LgdsOqZmpaaJehnXdnTe8ZlsbnJ+IAKf4iQYGc9RqcZ5lsZjWltkFFItXUhAVXKJ6nQsgWEfMAxBOFk3cqc1dW88rksx0K0gnMkidWq7vSy10FLBKH/AHqbjnqev+NCbTWqN2OJ5Ou1ScRhLNKw5bQwsYVVmhWfGATg9edTgS5Cxf2jrTFQvGu1mRc5YHgnj9c6PptN59m1uopdaahuHZkfTVzRvltw68r5fbTz+GFOam/WBXWK/Fgh61sLk87vfGNQuouqOLBE7vDaLvVUcTeV4z5HWkrbhmeesTYxX4htvtD1ySPu2KnQkddL36sUEcZzD6fQNeCc4xNKW+RLiIJRtKkMT13AemlPEfEBTo2tQbieB+J6zL6TQM+rFLHHv+OPj9JJ/iLdIKq4otPGfAu0yNwCR6DWV4R/482npFmobJPsOh+c9e2uOPLT2iE3N46FYmqNjSE7FIHix11vnQ+HowRgNx+pi/2jU/eB4mFLWTUtIastGyl9pUHDqRrM1GmRdR5aKRnoxyu/NRZ8Ee4lrSt31FBUBgwmTd0xjyx+mtjRm7aRd2DPJ+K0aem1RSOCMzZpyZRjenl+LqLDB8xifaw9hIG/oDpJx5a3N8/9Y/eOK3mvp1Hsf2IP7S5uVSaeBQnM0zrFEPc+f2GW+2vOVrmensfauZxn8armK6/U1DFIGipo/GBztYn/ABql5xgfnGvDK95e38APy7/nIJabCDjSu6b3k8ZhcNESudULRlNKSMxyKaGnipRDxLMm9t3kdDznkzgmODNYCU8jmodF2nxHOrLyOJbCJktNTHbUApg5wR9NcZdAjHIlM7i59npVnp9z03ijlUdCSBpUArYMHuRbQEuUKfvRBFbuPPTX0lvKjOOkHdbSozooqJGZVgAMTX3dJGcOB9xn9NDJx1Mqy1mOBPXrNw2wrxjG5v7DVcMxyTKivPcdWKd5qV1IQzRHdCWXO3jpqUYUvuHUIq7CPj3gVZ8TO4kqBIxPGWGtsEma6hSuFjWxUq7JamYYjj9fM+mmC2BA3krhF7M+rqyFpXab/pyKVI+nI1kay5hYjL7f2gipXbENVGEkxvVwRkEMNS1+7mEBDdyi+DaFhJHgMjZB8863FfjBnjcAymtVz+NgIqBtmjOGx56Ws0+DlZJu2HBhcrqkTupHhGcDqdB8tviGFyEdyWvsh+GRSfHK+5seg1r6SoJwJnXObGzFEdO0iLsGSWxoj6gI5DdS66fcgZZhLC0bspHK+eiK6WDPzBMjI34SktsjJDHIFV8qOHXOgOobjqZpyjk4j+G5CSPbuVGxyuMazrdKwORzNLT6qojDcTGQJKveBkEsYJVjj00tZSbamofpuI2VrNi2qc4nHa74jtD2hhorcmEmn7vv2GP4huKg9cA51oNqhpaV01P/ABAGYRaTZm1pn237Kx0M5WOtOymHdqGRjgZzywBAySTzjSHmGw7m7j9lSitSD+UmTTVFLbmnqmIZZNndtyT7+3nplNU6jk5i5oGzJ4M67+FVfRXjs+aSalBkphyxOdwJ9dRfq3azenEVt0iFAW5zCrxa/gpN0eTCx4J8vbWrptSLV57nmdZpDScjqZdlYi9+piB8m5//AKkf31XXtjTt9cfvO8OTdqlPxk/y/vKntZcI7PaZrpIu6SmjYQr6u3A/39deeUhVM9M1b22Ki9k4H0+T+QyZ+dpjLPVPNOxeWRi0jHzJ0kzFiSfeenpoWlVrUYA/pC6eEFQCOdUC5M1qkwIxjh4AAHGjCjMYCxbeK9ElSnRSGiGC5PTz1QU+8x9ZrFSzywIJLTVUtUkQDuz4KZ43Z56njVkZQMxG+u0vhgcSjprFQVFO9O9xCXWOIrFCONzDJ24H10MEk89QrYqUKp5m3sx8fJb6pGMckTp0Vx3mAepX0/X21VqlNgxHdPaXRWs/IxhFSMegyPXTS0HPMcJA7jWCiCxGSVcKBk59NHYYEQuuGeJI7CSGx16+es49xKbvh2XJYcAZyOmqbwep2Yz7PvsqTGTjvE/Uc65hkQmMiO5a6JAtPVx7o28gMac0l+1NpPUNRSxBKnma5rjSy0UkIxTwpyOOW08uoUgtnqMeU1Lea3MnSJawFsbVB8IOsyxjY2YpbeXPM2rbEkG7vNvtjVdpgN5lXDJHI/iA49degO5e5544xxGNqoGWeeVl2rIQEHt66uXAAxAWevAjCvijjpsL8xOBqtTszSDWqiSF1bvalscqg2g/11p1cLBgDMHpZNi5Hr5jS19JtO4R2uwVDaZ7OSyP4eWOTjQaa2rtBaWudXrO3uUPZR45qJopFyY2IPsD01OrDBsrE0RWHIjSqt4C7oTlffQ6tRzhopqNJgZWLZwtOrSS4jXGBvIAJxqdRaBWQDyZHhekNmqUsPSO5B3GlNRabzUUs7/EiVYYpInK4YYZgGHQAFRnzJYeWsutCTj3nsNTizJQekfElKS6X6lpvgnjSoj8X/XAkc5OeucnTC0WDoft/wBxH7S4GCeB8wylv1s7hYLna3p6gkqZkGQD5EAnj/zoZUoeuYcait12vOx9jLfaKG1rJaWp5nmAaeaLGSx5wfTGcY9tS7FjM+zduIjqeKORcOAQfI6lHZTkQLoGGCJotNsip7s1RAMKYyMenTRr9S1lOxopRo1qv8xZO/i5UsKWiowfC7l2+2svUNhAB7z1HglIfUs5/wCI4/P/APJy5aYu2QBoCnM9B5PqhUFOV8udNVVkx1K8DmV9P2bpzQwrJL3VZIu7n09NaK1jHUzn17Cwsoyok9f6Ps7Z6hTVTtNXp45YY1JV/QbugI9PPnSF4XOK5l32VNYXZcA/rE8t5u9eFSip2ihToVi3E59wNLLQB97uUfVOxzUMCe2Ojr5b1T1CpI88MquzNgAH3J9vbU2sqLgyKq3dt55hFwuotHbG5i2yLJTd6eOcRsRl1HsGJ1ZU3KGPcHVqWQlQcrGFs7WRiWQ1VMhhUeDa+Cx9Toh1ToMdzUqdrxlmwP1m+v7Y000DRMqxiQbRgkn8saA1zt0Jc6fTqPVZArfW0lQGhR8ydQpUg/XnSlm7MWu0+BvrO5f89oW7nuTG3TGoC4OYAL7meUpKSpKnO05HvohMYUZGY8rkEyxSpgg9PpoFmfaOab0mDy28z0sqR/8AUI8PvpnTIxBEm+wlCsHkjWGkQupRx1B4I1ZiE495jAEmaI65VyArNz1xoZdj1C+WZQ08RaRAOu4eeNeus+DPLoeJWmVY4yWYKqDBOdI4ycCTE9wuKzHbDyoGN3+NO0VbeTKPkxQ8BI9tN7hK9T6KSOFdkqZXpjGkzvDcCPZDCbDFTSwloO83HgRxruY/bUjUMDhoM0AxXVXmq7PgyS2ivgVxgzSKrD7hScfrq2+pziWFRAgzdu63u2ennBGPIA/10b7LUw6gmPMgbpeq+5vsr62ZtvCrv4HvjWVZXhue40tnp2jqbbJ2jqrE/dvmooZDuaMHkerL7+2gsnqy0PVqWrBHsZc0FXbrmkVVSyI235SMBk9iP86IrbTkS7bLhzF/ay1/HRqyCED+I93gt9edEtuLCCXShfeU/wCGFirLNRVU89TDLBVFTAImY+H33KMHS5xKHIGwyz3kdTnVMypURhaiT3jfQahjmDxiR/4p0ckvwVQoygJQn0zpbUKSo+k2v/H7VXUWIfcAj8u/3klbrO8vKgaJptMW5M9NbalZ5lFTWSlpIkmq+DnO3WoiBeAJnPrXtYrXFN5qZaqvLo5CjgYONL33eXwDH9LUtVWCJN3y0rUzw1LSEBiIyPU4POfsNZbXd4mbrtIj3B89w22WuKejiNyZ5WVcLDuKog/+IIB+pzqjXgHiKrpCRloDdK2k7OLLHbEC1tQAFA/gAzz+v665Q1xBPQlbnTTrhezIeaVkGwOTK58bZznTkyuc7R3CoW7mLvH+VRzoBOTNFV2LiVPZq2LFGKupQPO4BO7nb54+2mq0AEVsbJlrR/BVqCCvpYpFHyttAI+h6jUPWD7SK7GU5Uz24WJYYWloiJoTz6uvsfXSVtRXqFFhY8xNHGFQAD3+mliZrVL6cQ2mqhEojlHhJ49tUMY2EdRhHWIqAJtJBzuGmhaEHEr5RYye7V1TQRGqwZFGAQWxkk466rUBfb3EdWfs6eZj4/eTjXqeDAWlCZHIZw2ffjHrp1dFgdzMfxGxjlUH6zo43DqNbwb5mOUE1VVyp6UIlXUd2jg7d58JI8sjJ/TSOr1gq9Kjn2PY/fP9IxRpmbB/tFVXcqyP940a0+V3Rx7dykeW7zBPX2zzpJNRqR62P9vpNMaOsrG1LUiVEAYNIUDMF6A46a167iQPmZT1gExjSUZq3IYbUHzMR/TV3vCiD8rPUc08MFFGVp0C+vHJ0kzM5yYdQBFN4qleNopACDwQR1GrVrzCgzj3aimW3V3e042wSHxKP4TpxbChEBYsHs9jjvtZsasWkCpneRksfRR56V8R1NVK+rs9SKamY8QGupJrXM0FSpK7sB8YyPf0OktLq6714/SEtqZDgwdIm7syU07pk+IKxU4+3XTHlZXcsGGlH2evVLDQvS3uaZ5A37pZGJO3y+vOdCzt4MZrYEToVk7ZWylpY0dXp6NF2qDG35KOp+mqg7jgCHsVPLyTzF1w/FmkgmK01lq5EBxvnkEWffGG1zKR3FN0+sv4pvV3SippqRaSColETsJC2wnhTu4GM4zxwOdV5EFZWthGZ06ug/a1mnppB++UZGR59RqQATz0ZWq1tPYHHJQ5/Ee4/MZEmE/5KEBEXvj0DnGNV1WoKYrSelsu805zx+8SXy7z4CVChQPMNkaz/NsBzmE0+EOViumnFSqsnAY8Meh1SyxnmwuoU8HuJu19e0XdwRyfL8rfynRaFHRmR4i5AyPeTlTebhUxLE07AD/TbG7640daUU9TLs1NrgKYvlm7kks5klK5yTk5+uicCAJx9Y+7K2GkqUmqr2Z4wUJh7ojCe5B66zdRrDv21xyikqvmHuLK90VxHGe8QPgEDG4Z9NM1nPMNaQV4lzYzEKFGqZihbkKqEv8AfPA/PRW1AXoZgl0xYcwbtFdZaVEFrimhABZpHIYn/Gj0OXXLTK8QZqLVQHsZj7snfTJZI5qx3Pd+AhGBZgOCzD6/poFjgNtmhpUd6g8Lr56KvUyUmEl689G0pYAeZqUFhxJWrq6wwzqI417qTAdpQoI9x16aumnzg5mdfrLPMZR7GE2OaWWKTMgYh2wwPBGfL20K+va01vDrWsqyYJ2w3G07zI/EijYOjZPn9OuiaP02YgvGF/8Ar5z7iScyFJMSujN1yDnWi/E82AZZVfbGtmLpFTpBsYgvt8PBxySSf00EWXswcuSPjr+n9Y0tVQHC/rF0cNZeHjFRKqYy5yuMk/31HlqDnMOpLYEpJ5Z7hJ3lZEKdSApYDJQYAJHrozPwYyD6dseUNeZp46d6MxxSHCzAgZPuvln6nTVVr9MJl3aXau4GUHfJGgVOg9NEOCeYqBAau4y7SI8KR0J1IT5lhJW83SopyJaogp0DAdProowJfOJDdpqxK7Kp0xkaozZ4EqxiaglmppEKSFJo8FTnrqLdNXqE2v38wauUORG9dchfxSUdREIZXlCyyE+HHHOfbnj31l06P7JY1tvQ/nCO5twBPL/2Zktcry2yVpqUdBKQSeOeQNDp8SD2bHGPiWejaucxVZEqmuMNU0OU3bAx5AOtBlLWeX23xKVstZy3UdyTS1d+R6hsRx5CL0wMdfr56aSg1Nh4G27zuR1GFQ5qIO8RlaoXwFCOpx82lbe42oBElqhHiUpIh3Hy0vIIM6p+GnbqtdobfdacPBDGy/tEOeo5VWGOT751VrVUYaVXSvYwKiNbhcKSUSTTFCp53Dy/xpTlzmaoC0qFHAkje2BgPw7B0lHADZx/40NlMbqccCImus6RRUaKIhHwSOCT6Z1yrxC7/VxGiU1JdLQ8FUjElT3cq/NGw9fUeulnd633CM3oLa8SMr6G4W2NO9VWjkbbG6+Z0/Tqq7RxMC3T2VHA5ja2dlo5qOonuM7R1IXdCARsDDybjn7EaUfXbnwo4h00mwZc8zd+0aiagio1jEZAPetn38tVGnUOWzG1RmmmhsdZW4ngpZHp42BZhgjA66aBOOBIYVq21j8cSgpYWkTxSuBn050HdiNtVC5qOKoomQ/vAAeCctpii3YeJj+K6I31naPUvI+vyP8APpJyGK42eXv6clQ3IR+jfUa0XrVzzPOUawqMA/lGK3apWlNTDRxBD1ZyeGHXb7fXSnkDOJuf6i20FR+MTTS01RvldJBPKeTvwqk9fr+WiotgbHGIlZZW/qAOTGFBWUtvqUaCQd2w2vHu3ffVdRWHHEd0WoNTRh2sNPPZ4ZVPLyKUbHHvpTTAizBmt4i6vpwR8yQKqrsIn3r6txp1+PeYSciUFPFS0z5kjd0B53E7evU4xxp2rT1oALDNdaKkx5hPMaxqiMTC7oSflB4+gP8AnUajTKvqTqRbUqcoeJ9UVNRGFjEuUJyRjp76AFCmL7tpyI3guEcSAukshRS5aPjb6HJ6atczIMg4ku2Riaa+vqS4R5irjwgq2SfryeDjkflpVAG+6eYI4XsR7DHPPHDHsPfOACOv31pBtqZaZx74i7tZYtsAjatR6hfF3KxkDGP5s6B9pDnbiE8piMic+jt6y1CxOXRHBGVHOr5K9QaKHbBMHuNpankVS+4fwOvGfUHTlTCyVtqaqBGJz4WXPuDjRim9djCBBxyIXDX10FI1I0olp3UriTll++s//R6xcHB4hPPJGDMrXcqi2xClEYkUzByzHyxyNFbT3JqvOU8f5xBtssq2NC74qsYaqPlZVyDprW8rvA7gNL6Tt+Jjb6oR9dZZmopg17mU1ZaMDPd4U+hPnoLcSx5IEvLNLSW+giphFhIxknPXWWTuabwrFa8dARR2i7VJPCttpiI4n5ZiAcnOeD5e/rnWgihVwJiXWb3JMRhXcBYs7tvUdNE4gvwmj4Na5vhlf/nVG+M78ZwOVby58joDjbzGq3a4ge46mhq64RSdy0zxNDkFMYI+vtpd6kIwRNFbmsGCep5V19XdGp4pcZpc4ZOM551Supaske85Qzv+EZT1dVcI1jk2xxgAeHqdASlUOY0tBY8zOCibhIwW489EJjO1a1yTgfWF08I2NHFIQMFWCN5n6aje6zkXT3AdH4mxF+GRCkpjcHh9+Nui1l29uJneLCuukBTySAfoPmZVdZWUjmSjaOpjVMsrEE8dSca5RnsYiNmsoRRWjkoOmBGcj5BGI2tfeXi37p4o0ckqUHOB5c6bru2DBmPqdCNQfOpPq/DGf7xfebMkTRxOZEjC7gR0ydFVwWg2peurHZ95O1NKY3KhcBeT56KSB2ZWrc4yBNYoqlRGyoviGVUuBkaAbq+o6lVveIct2RrY9vuMBkgB8Jjfa6Nn6Eeuh+WCdwjw1H8Py7BxBrXTUM8b99JVpIDyE2Yxzjr56iwMDxJ0qo+c54+JW0G21pLE7xTSSrjMieH6Y1pZa07oW2wH75mFZTTTSSSUlPUGIgDyGfUj01Kn0gMYG1yVwp95oVDTou7xseXSZt2z0H+dcUWywBf8/nAhmVctM0nSadlqoXkgEZJgViqSMGBXKqRnjOltZo3DDaMgDuG02pUr6jgn6Q6rqKW2rG8EFFEInJKwofuHPmeQevUaz0cI/Bj76ax6ySOPr3Htgraauc1dZUxww043gxVGAWxwcdSAM8c86ZNjX8H2mfZUdMMAd/MXdo/3NclTTUckXxKnx1DM28HG1uCACecgg+WMasqZ4BlPMIUk9xMtDipy6lSPIjGnTz1F6l5yYPeKQPEXJ27RkZ1ZWKNxDWKHTBiGpp5YY4pJYWRJV3RsRww1opYrZwepmEEdwRtFDSkxyB11xxOhNtqo61/2fM20Of3bZ5R/IfQnj76Re3usziu31iE11rEKKlsNRNVOu4xFR4R9fXSliEcCNK4xmaqPsjeK8kSLHC3ksr8n8umqeU3vOL5nR17Dy03YyqqrpcY/jEpnbKR+AYBxnzJ9SNJ/Z0DZjv8AqNrjyiO+P6f3nLLJbJ7w5WFUaRow+x2IKgn5h7jH66mywJB0VG0kA/rDDA1ro6oVSsrOojxIpOTuydhHT6+mR765LFbqWal0GWHEDsqSVFxdqTamyNyWd8BBjrnz1zrkYlaG2vkGOK2kW9BI6aYTXKmQgEIUMo6lSD+an6j0wFlKn6TSSxbfV/yHf1+sVUUQXd13E85/poLGaVCAcygttsrKtHkpaV5kT5yuPCND2sehGDbUhAZsEzbNQs9K7L3gAUnCHG721Wt8HmU8QpdqDs7HP1imTcrNDb0SnSQqxLHGwdDnr6a0Kqw7ANPJV656lds8/wCdTXU25JYqruqx6kqcI0UZVfvnqf8AfGnNmIi+tct6pop5lqaeClgRUdFxI7kAk+mcaVtC1jI7jtOmt1bFVIAA/Lj+so+zr1dHB3omY04cjI6HB8h/c64UMw3CJ6i1NPfs3nHvLpYqeuo0knjIhkGBuXAIPnzqa+OGnarzGIsoyf3/ADiy/wDZES5qbew2bdrJ5aMad3RitXiD0+i1cfykbW0NLIsJnjnSeFdmUYbTj6g6XOncZ2kTTr16dsDAXoROJWaIh3LMvPPr9NUxZWQpmlU+nv07WfEDFK0caZ8LMMkFTnUWEkw+jIrrzjJMpIaiQRHDhm65IGeffWhVVuO0TNI28x/bKEVPZK6XipqZw9IQEjj24PTrkH1H5aK+FsCCVN7ycS4Uq3OkkrlIpjKomOc5Gf8AB/TVtvl8r3KNaW7lBX2KWjqaisUhrbGCyTK45GPDjz8/01Gq1afZyufUfaH0FXmalTjgc/pJyORJZVpIahNk77N0nCq3qfsDxrBFZYz0z3gLgGe01ClPe47dUVKskYO2oi8ieg/PTCjy3yJnWt5ibTHVwra+eEQ1BmqZoF5kCgjbwAcKPcDnTykETJZArczRTXiSKnETpHKAP+8uWX7nnVCjA5Bh1ZT2MzL4tau4RxTEpFFHho2UuobqQq9Mcg8+Y50KpXZieTz7TrGAGOBPHhNbcGhd9ysgGw4Pi5OPy07YnpwOD9Il5uDn2iS4WONal3aQpH/prwQdKP4nbWmzGSPeXXTqx3RDU0kiTBId0isMhm8tM6fxRXrzYcGDs0xBwsZdmuziVY7+5mRI3kIjji+YspweevlpTW6q0NsoAJ75hdPplcZaXVXQWqgjjqqC4u0s3J7zxbwPMNgcj0Ou8M1uptc16hfzx+8HqNMqruSa2qGMD/AzAVWCQWXPQZ8umm9dvVcc4jPhtaE+ojPwYlr+0VyntdTb6iuDwVKd2yryec/KM9efLWQtrZxNe/S1MpJXkA4/MYkvETbJe8S4S0s6bohsjGQuehzn008yqw5mIljVMSpxPbjdYqumhinlqKyVOf3rBUHuAoBJ+uqLWifdEm3UPb945i6CuwGCxnvHIO5QMKB7atBAmFUFxqKS4CsEjmQvvLZ5J1VhkQ9Fmx8ysqVttfiupZIlqpv+vECMo2OoHv5+499ZtquuDPQU2IW2Kf8APiHW+EiMR8bTwdvnoaswOQY81SOMMAZ9X9nKuoECWuX4dSSJTvOAPp/60ZLQOW7mP4hpbLLValtvzyf2iW5W6OzXGGlhmaoYndIDwefI+Xvp7T2sSCR3MbV+H1/xHV/ujP58f5iPZLX3lrkNoFM0irkxqxLH1A8s60CTPN5wckySobNVVMwPexUzDxuJjt2KD5jqT7aTKm1sCb+nu+wafzLDneOBLXs9JQ0sDHwzCBvC0i+HceSxB6+2dFsbaABFNHWuste+wcxj+2RdhPbHnXvpF2xK5wN/Vf6DSrjcJu1EVOH/AFkPW3K8Wyd0FRNBPExVwD0IPQjoR7dNCq9B44mnqkTUphwGB+Rn/DK+7i21dspapYliq541kYKfl4/l07ZqK1XJ7nhtPoNU1zKnC/Mn6qWnggb5dxGO8xgD7eekW1DWN6RN6rQpRWwds7u4NRdoaEqy3SB1ZeEeJN28e48tPIMjmZltdlZxUeJR1Fjq0lNM1M6ux6KvhPvnR1rZWGIRb0NZfPEZ9m6MUPx1vudXCLfUrh13fPxg4+oP6a0LNOSAyLzEH8RqY4VpG9q+zs9skqI4F7+lkfMMindxnKjP3xn11DVjyt36iMVObfSIXT1FVUWCntyysJsFXjckgDyK44+/XSOqoFo35xNbQ6htOWUjub7fItotz0VYIUdHB3OmQfPI9eulhWQQo5jtd1br5jcAQe1yQLc6y7dx3cPdLEuxeRk8kg8c/pqzUvuAxzEzqamXep4myruCUOx7exWSqcFpAcHYM+H6E8n/AOI1qaKnCl3mbqLfMYqDwIRNRVFbEs9OVlcZYo7ZbAxnr7f0029auP4giSah6274i96gUwZtjGdSe7y2FXdjdnHJJ2jz4wNZXl+U52nE1C/moD2DNtrbuY4WzlmkLKT69Ofy0vU4FxB951inysxl2ziiC0t0pf8AoVieMfySjhh+n9dI66orZn2hdI4YFT3I1AGq0Bbwht5BPkOTpFRn2jLZMr6CJaS32+HO1pU7yIqOQxJY+L1OdauoTAx8gStJUEhewef3hFBTz1kRmqEp5RWbXnVBy7DDAenPOcY0r6qdr15+O/niOeVvAFhyJure0dTTVQpUpSkz5EUSReIj2A1d2JMMtVQ+MSYnsdXSrWXM0JgkizKkLrli3X7aqEYthpJKGo21jOOpNV4N3eKeWshSRk/e7zjJyTnH307twMTAJ3nPzB5LfSwMn/OJPnr3S5OqmSFmU2wKI6eBY1B6nlifU/8AnUS+IbZrFUXZKiSFSYoOX2/M/XoOp6dNRzLKuZV2bsxRvDJD3fcXWlAkiO/ioj8wQfPr09NL3EkEGOUAI6t+saW2PLAHnH6az1GeBPRs4Ajarr4aFDEros5XOW/gHrpzS6fzTlup5jxfxP7N6V5c9f8Ac55fKylWrnZ172c9XyQPduPMnWmNuTj24mNqd6ItSnO4BmPyTz+kT0l0loajvKZyq5zgHI1IPOYmaww5m6W4SVtY05bl+GGqA4JMbvY26ZB/68SgskbA4JQhyPn5XP8Avj76q/Ig9Beartg6M8q0o7PdxVGaU1c9QjGM9I+cke/11Q8jE2hw2feau2FJLUdp2hptpetZWjGcAlhjj8s6AcA8zTqYinGepQQ9j1FMy09ZVT1UAxJOqr3SsB8uDyftoeA3JHEUZjng4kp2ch/aF0q6W4VKqYoXIDHG51YEAD7arrn8lFNXZMppt1jnfziaK601KTd5W0Dr3viRSnAHsPLTKPgYEGaxnkTqna+5vSR/s8yEu3JIyByc69V4dp9/8SeQtZbHK+wkxRUxqyN7E60bLNh4nBFT7sf20tTu1vnAeORSEDrkDIwCM+Y0hqEWxPMHtLU2mmwOOhEti7PXGW5OGp5ou5bJV1wGXOMZ6e2sp0Hk4JHJnoftVfnE54AzmHTW6d7pHQVCx7Y900rJzkHnr5Dy41YItde8d9CLLedU3lEekcn6/EBekjqLhVwMO5ppgMzyEkIE5J56/TUYbAdjkiFcIrMla4B/eTd4+Bqb2tLbmmeCFQiPKcbvVgPfjRWudNqsISjTCzdgylscjU6BKiJZVc/uG3c9OhzpbzD94EgzSajtNoK4/MH+8RVsPfyO64O5icqcj3504KwwmOzEMczQ1bNToiCnDhOni98/30k/h7ZyDDDVDGCI7imN1tDU/dkioAmjjz8kg4IH1xqNcieUA7AGC0xYPkA4krVxG3d6KvKVBj4hOCwzwRxn31jUUm0gqMiabsE4J5nRPgaeso6SjnU4ihQs4PIYqOmtC+zd6fiF01W0tYD94zRbKC29mqmV++kncjwKxLbF/wA++lM4joQnqK6S5vU9tbXclXGyqijjB6hWYK36MdU3eoSbqh5LjHOD+xM6Bc6CSGsLS4PfDeQenuNae1X5ES8LcDSKmMEd/nzOT9u+zQtk8VRRNiCckrEOqEdcAeWhWDaMmL6mna2Vk5a6bvZUAG8EgDHiB+40PuATEcdpKNLXb4GI2z1LEKCMHaOp/Mga7EJZhRgTd2FuNXR1TtQOFJTAcxqTGSCMrkHnBOhW2+WsJpaBccHoS0W0OYe9mA3N4tzjJJ0gWLcmavoUbVHE9p1aOln2YBd0jX25yf00xp1UK7Qd9rOyIJK36julV2qNEm4GrkHcOR4WG0efsAfy03pmBrABnmvEqGGqYkd45/Kb7l2H+GRBPce8mx8yp4dHKYlmw6BW9otHZKWJyJpYXkwCNvAIIyDqQJm3PtfAm2n7I1csyiOALk/NuwDrtuYD7RtHctKLslVUiLOsUTKg3NGrjxfnqrKccRrSXV+YHfqRPaFEjqysFMQQxVpHwe7GeTnqRnOgKcmb5IIDD3mdFd3hSCJXWp7rgz7PkHoG8h0/LUWV5HEIluODMqG/13fSpQVBUZJDZPJ1QgKmCJcHzHIEHq7ndHpUiuUtwqSnSSOpbxe7L0J99B2q5ODxLbmrA3DkfEqLXVw3a2U8jjupYwVdT19s++risrI3buTBu21RK98kZGWSMBTE6HKupHUH65H217vSYXT49/f6TxFNG1m+vMXUt0amHBGdWK5jBrzKfsvWy3ypIrdiJSDvFm9BjofbSmpUUJuX34xFrxghM8mVNzqBW0b9/US09OCCiQuuZh6evOshT5TdZPX4TTro8wKB38e0Qx3+kip46OC2vEHHCu2Wxk9ffTKV7mLM3UljZWBgcmfXm1C4wQ0j13wbvnu1ljyrADJ6HrgHREIXLKufwgWv1CMGs6khbRark8lu79VqoHJpKkjbu68Eeh41F2M4I67HvNCmx1AcTOkowal6KWpeOtLD/lxIxBIJO4DHH146aoV9QKHj4hQUKM1q5YmYCLN5mpLbKktPEwRw55LeeD7avv2je3XWPr/aUSlrTsX739IdNaZSPDC35aKl1bEAQdunvqXcw4H1gVJRSFpp46oioGAgY+EeWSPPHA1leJeHCpfP28nv+kb8J1yW3GjPIHEX3E0NJX09QaWnfGJJtyna0nUYwfPSVGrsrXYp4mrqtJWx3NHC1dfdKlZaV3iic7nkzjKnnVaKLNQ/095e7UVaavPHHQiRrpI9bJRU7GZxIVkLcEkEjr5aLdXp6Tt7IgaNRqNQARgZm68TVtoulJcZVVY2cTRBDkI6nIH5411JoY+oQWpOprBUNkEGd8uMQqaWGYoQQMkMOQCNXqYBsRbTOVOPmQvatIIayN5Imkl7nAB5QDOeh9cYz5Z0HW2JwrR5ansO5DyJEf8AD9DdrfUVxjFPVrOyERnAPp+mNJBGXGxuPrJ9NhIsTn5HBk1d7GlF3fxFRUk7fCeCMe3npoHjmJ21Kp4mNiu0lgqlaDY0TEbhIvH19tUepbDzJp1L1Dap4nSYO1NJdaaQUzbZYuJF/uPUaTtrNZxNOhxbnEAoK0T3qOneQKsvK8+f+86vWpPA95axwhDH25lC9Y0tTLSUciptGInIBGccH+un66UQ8TB1WqcrljFfaYz0BNVU1MsgqZgIkmOFiPUqp640ZswHmK/CkGEQN+0IVkRO6dEEYjfGcKMFvpogIAyZkX1WM+E5ycDEUXusp7fE2+pEs46JG+Nn1x01mX6gtws9r4R4DXQBfqBlhzyOB+AP7xd+HnaOr/4php7hVSS09Z+7VZJCVjfqu0E8c8fcatRYVIgfFtJ9qVn2+oc/l7/9xj2soRVVczQJuyxOMdR/60QghiREKLVFKIeMCSN2ar+F2zOoUttwuen9tEEK1mR7QamkSnDHG5scHOMaINuOZRWxyJ9HX1c8yQxbpZH6BRpY1LDjUP0DKyy0S0CytX3JY5ZiD3caBtv1J0Mj4EIM+5lFb7Cu16a5wVIjcHunjhdyCOuAoORr1uo1oTDIQT8Znk6wXHAP6Qan7L22RpJ569okj5kjlgaOSMerqRlR7nGofxEA4A5/HiWYXAcL/I/9RvVCjsts7qx1C7pCRJMBncf5QSME6DXZ9pt23e3tAop3CwjP1wcfhJyR6uubvI4q6qMa7C1NTyTYzzyUU40c6bTU8FsfiZotqLryDjr8hNtnLzXR6lqSudaVcNihlYqw4IwFzn2OkLmqrGyts/nD177rAz8Qt7hJWVS1tNbKyo7tXijljpZZUAPDcqCM8EH056aWXVbFKj3mi2i07geY385PzWe21rR93RskoOY3oi2/7AZ3arbqmsYMe4VtDSq5V8Z/CZV9uuoqIq6OaoE0ETIe8opEnKHALYK4wvGW6DPlkZdosruYKW2/jMrV+ZpxwN34HImXZezpTMz/AAVzLOA4KUUshdWzhsgHwnnnGD5HTtraaury0cH8+ZmrbrPMDHI9+I/ht7l2D1E2UPiheJkdc8jKsAR+WlKUQNuU5jeq8Ueys1FMZm40caLKgjUB/CwJ5OmbW85Nr9TI0jGiwWIeR1J4dlBM7/HTPNH3m9R6DyH01lU+HYsYWde03b/GrLFATg+/9veOAkMEaxoiLGg2qqjoPLW0qbRhRMpnd/U3cmbxaFW5ftCmdY3mYCVWBwT6jH01ma/QqzeZnGZt6DxB0wuJle7hSRU1v+OR5Y4pu+jAUnvACOOPcDOsryjWwxzNW6+uxCH4nX+ylfebtb5Jb1QR0iOB3QWTL4x/GPI67Do3q7mc+xCPL9vmS3bazXCneqvVHPDLCEAqKeobZsC8ZQ+/p5nz1N1HnEEGMrqWp9Q5E53b701HFVUqqe+mm3hgeM4IP36aq9QXj4latRkk+5mqSf8AeGSZt0h651TEJnPJi24tHLiRFVWA6gamCfB6glmmlpqppIzwqnIPTB/8nQ7ACMGF0m5HLD4j/s9UNS3hJch5nGxWPIBP+zobr6SI1WctzKK508rzLPTVwjMeFjgpxwPrj7/npmp2PYxFL6EXo5/KG1t6qFs89RWJEXpY1kRnb/uHhR9c51e6w7In4foql1AwMCSUd5kS11FNJ+8km6yseV5549ffSQvcqUM9I/hNC6tNWpwBzj6xDWPvbaPlxwNVRQsZ1N7W8Z4g9PJLDNHLG5DxOHQ+4OR/TRUALCZtoOwg9Sjt3aK91lTkzxNH/wBz92Bken103nbMn/T6tR6T1MLhV/tC6JSyiGPcNoPAAY8jJ/TQt538xi3w6qmjFHYgM9DKngZGD9DuGNGMzq33naO57b0rKGsJpATUSIVCqucj6apkZxGGW2v1YlXZrfJBA81zSR55zuwwyQNcYROvUZY01wpbRaqmuutz/Z7vSlIZPmkVpDgMqdWI4OMHWj4iwazavtMTQqMl/bqZXq5dn68XyNO0NphkutnWBXqKpEw+HHIJyD4uh5Gs8gjiPjkSauUVor+w1BaI+1NiinttZ3pZ61P3gUH5cHJz5aP5w88WyqghcGZdl+0FBbexN5qKuqcFoYpFgSp7iZs8YU5yG6dPTTPiTB2Rh7iDpB9X4xz2bvlDL2e7PywX6jtyxVrT18VZXBZHj8fhJblvEV5PXGc6QZSpw0PGNs7WdnDDTu98ihjlvE/cqk6qCPHjeP8ATJHXpkr66rOxIOx32an7SVdQtfAN9xctPTTIY+7LjIzyMEYP30M2HftxNFEV9IcnqVVJ2moartj2skrLnBV22noglPEJ12FSBvCt0ySBnz41eZ4GBkRnbb7aGvUSQV1LT072JBHA1Wo2NvOFJzwQD9edTIkp2f2pd75maCSTdDloa16vC7Ohlbrznjy6dMa09BggzO1qbmXMp6KjlrYZmAOIkJBP8XtpyyxaiAfeKBM5Akj2hqKxaF5aSUxiM5lwPFtP8Q++qa3zK03V8RvQik2AWDOeviL7NdzWw7JX3Sx8Enqw8jo3ht/nV4b7whtbQtVmU6MMr8LTCWWWKCBDlpZTx7AAck89B11fWuqrhuoLTttfjv2xJe6XyGoAWjQhVG3vXH7xvoB8v251gXXmw4XqatdJ+/cefj4/7nSvws7Zq4p7DdGIqpC3cSk5Dkc7Sf5sA/lqjtuwD3JsUn1Rt+Lkxh7G17QZJWSIyBfId4uf8/bRUJVcwQItrZQepwFZySHycjnOgk5kqcHMNSvSoYK7BS3meg0M8QwfMoIrLEsEspqIKh+7yAjggDHpqhMaWsAZzEVsp2f4lEViRESPfnjQ3OMZjGjpazzAo5xD7Zn4+mYo/gOeFydc/IOJahH80cHiVz3NaYRo6oneDcu/gMAcZB+ox9tVStVILtgxm4vbnykyBA7pQvf44aanq6ajXcC3fyEIwA46A589MWVOwG3qJ0lKWJcHIHUyqfw5qRS97TdorVOV5KtJsB9s5OhClgcwjeIlhtKmRVVSzUcssVSqGRP9OVZFP0ZSQfz1VwRxHKirJvj2G12Ont6O/wATWVjgEb8JGpI64BOfvpiunDZMzbLnYcdQCpiaFsUgWJhgYHnotlZ7WV09wVtp6iedJKh5CVzuPJIxpcBicmGtIOQTyY5oXWOCON6hpWUcZ5+g58tE3g8wdWmSs5A5+YPDdfhr3BUqxAicA5/lPBH6nQSfWDGHO6pl+Z06WlpsI88sXjXcodwvH31z2nMWo0yFcv3BKa81nbG5NbYbZFLTqDJCAFBiA4yxbp1HTn2416d0p0g32HJnk66XP3ITWfhfVzLLUzTUSMF3EcuT7bsDSreI1k/7f846tLqPvQSy/h/cK6309fDFblFRAskXfyNuUNyMqEx+R1Y+I0j7qSDTYx9RgNf+H1ZYlkut+jpK2mjYH9wSVjz/ABOpA8OcdDx1PHIFVfXdYBZwDJvFoTFf94f/AMF3TtRaqWqjgo4QS21qhtvgzhdqqp4xz1GrX61RmrbwJfT0pWvBz/nMXVf4e3rsyiV9TV0klEmRNJAhLU6kHx4YYx5HHTOemSMoKC3eI+upKjrMb1VgisdvpbjcrfRmneNIIzDIXLyvxucbQOfCOCcc+uraVK1f+LMzxi3WW1j7KcfMU3nsfXdm4VuMtLQd1PMsO1GMgBc4XcpUADOBkeZ1A4csvH85o/wb6BVcOeM44yY3Tstd6K9QUU0Fqqp7hTvI7MCqbY2TOfCTkbxjA9fbTFeo2rhhz+H7wNyUW4GCAIwulPN2YFEtVR0fd18606Cn5USHoGO0dfXTdepqbPGDM6zSsejGv7RuFtvlBZKilo4payN3hWGRmUBcZ3EqOeR5HOl3tqYE85lBo7B7yX7RolLebrSSqMQUhnm2ElQjggDnHORp1NWltG1uxIal6iBnOTxOTUFZU0czSU7DeRg5GQRrKp1FlJ3Vmbtla2ZVpuutxrbnIj1LAiIYRBwq/TUW3Pa255SqhafuiCQhsoV8TZwFAPPtoYUk4XswuQBkzq34Wdju+qP29eCVNFIGp6ZW4DAZDMfMj0/roz6Zqiofsxa7UDYWHQ5lneO6uFDVw1Q3xzRuHX1yDxpoqApWNaKorp9pHJ5/XnmcJuVnjhoopKSYvNtzJCefD6j39tIExULxEoBx01EkQ6ColdRFjL/Kuq4hVaVVjtj0dNmQDvZfE3PT0H+/XStpJbE9P4ZWtNG49n/BCqh2o8SSISpODxq1CZfmT4jqP4OF955V1UVXDAeZBTI2xP4hlix4++j2V7rAT1EKNStdLBOGmEV7pWYR01LUyv5BUH6c6b3KB9JmDfYxAGTEl2vk0sxU0/dhDjbjO0+58/tqRYGGVgrEZH2uOYiqJpZqhN0hC+Y6eehMAxzJ81lGAeDKS33Skhp1grZtjD5SELceXQHRQAZO/EyWelqpS0UgMI/mG0MfTny1IxOyCcxVd5i9QzI+U4AA6aDeeISo+vMC+MlWMqmF9TjSn0ju7jMDdzyXORqQIBn+ZtZ3n2vM7OcAAsd3H1J/TUkSyNkcTvv4XvHU3C5SrTrEyxorY8ySSdbXijZKj8Z5rRJtB5zFNxhF77T9oUrrhWItNUrDBAtU0cezu1JG0EZJJPXQNJUr8sMwPiGqellVDiVlht9RVdgJrZBO9JPJDNBFLkkw9QpznPHGgagAWkLHtO2+tW+Yr7bGo7L/AIVPbHmluFbPCKDvnDEyPJ4SxPOOCcZPXA0NQWYAQpYAZMM7UtNZ/wAKZ/gpGhmhoI1RkbBUnaCQfLqdRznHvJHtN/Zsyr+HIFdMZ3FJJvlkcsWGD1J664qVO0yz7cnb1M+zdND2l7AWL40hgYaadtvQtGVbH5jUSse11PRXulno5HWVY5VEmw5KOpVwPY9Drp0QVFZ3n4rUtH5QWZ5APQvJg/8A5jXTo2rYbZ2nppaYTd58FWpv2cGOaJlcA/p9jrp0me11XT0f4m9l56uZIYlpKnc8jbVHy9Trpw5nLu3XacVHartOtvkjnpawxRiZH3DakajAPpkHVg+0ECWWkMwc+0kEk2rwNDjQPE+Em5hnjPGpnZhEbpHNE0eO93rsPvnjPpzqyEhwRIbGMT9BWFZKHsU0rKUlqGLDPmCeP0GtbUsLNZj4md5YsKVf+zAflnJ/kDA5ZgIjk8aBYdonrEqG4yTnobcZGK0cIJ88HprEtv8AVxHV8M0+OUip+zVqd8pCy+W1XIB+2qC9zBP4XpRyVx+ZjCjs1HTkLBSonq3/AL1bLN7we2mgehRGyW7w7m2qPXVxVmKvrwvAk/2ynhpaOKngnilkkfxKrAlQNHqqwcxO7VmxMYiK2ywnLSybcISnufMf10aA3fENp7vQULirpJ0jnwQGjQ7ueCBxqSARgzgwU5iurgnrJFPdmKlIBAY4bJ6lvfOlDqUA2V9+00x4de7C3UD0kZJgBgge4CKPBig/i/mJ9/b+2nBnjdMhwu8hOoDUkQzOrnLK3X199dmDP1hdHMopwvQ8nGpzLr1B699yFlHK6o4yMS4bHIgJlG3JODjnS5Q5hxcCsxiR6klUO1P5joiJF2ctwJvFIMYM7Lj0A51cqDKDI6M7pV3SDsGDNGY6uqm8MlOW2ZXOR4gDgj6H7a0dQp1I3dYmDoXZCQecwOq/FOxTxSPV9mKzv2U4OIWyccZbdn9NJGm1epq7VPcXWPtjXy9hDYI6OoqblPSyQrVipRAjMCAxJIORnPHpq50trervMXN1VI2ngCP+1lVfYOwzWuutC3AvSqklctWqCNhja+CCSwbB44yOuqCtt38PuTXeH4cf3gFm/EwLbaS13Kzy3GfYsZaJ02v6ZD40R9NuOajkftDqGAw0V9q/xPevs1ZY7VYvgxNE0JmapTEQPXCoCOmfPSrcEgwwrJnvYf8AE2l7N9nKa0VVsrapqYuFmhZMFSxIHJHQHH21ElqzniDdlvxUFlnvMlba56g3CvaqRYpUGzKhcHPsq9NEWtmGRBlSO5hQ9vj/AMf1Paiotk4glpVp46ZJVZwB55OB1zo66SwqTImzsz+IUtq7QdoK17dNLTXGo79KXvUDxtjGc9OgwftpaxTVw3cPXQ1i5Wbrh2tpL92norrfuz0hoKOmliWmSZJnkZipBKnaMDB4ydD3CFGjvUZAkL2impLhfa6ptlvagtxYGCndVVkG0buBkDLZPXz10hVcLtb2imMgkg9AeNTOmvOJHBOB5HXddyPeUHZXstce1FV3NsiCxDAmqJOEQf3PoP6asEJGT1BW6hKuOyfafpUU0iUKQusbJGgAGOmBjRQy78iZzrcF3H2ke9C9TDcVTJlp8MB7ZOr3tuys9Q2t+zVUW/8AE4z+HH7dn6ZkjKxJJGsBuTPVrjqYo+11LdM6hTzK2puUgTT2kv3waJS0W0z5zJL/AKY/lHv761aawVyZ47U2MtmAYpnqw6d5UzOQefE+f00cLAFh3J+6VqzygouFUYB89WxiBL5M+s1YsE88cpRY54Wj3spPd+49+NVYZ95ZH2nJhhdKaKPY8M4VSUI6+ukLdPcDweDN/Ta3TkDcoyJou13E6xxUe7YvLu3VvtpiuhK1wBM/VeI23NweIqiqDHE/i6nPA5OjZmd9YuqHZ3LZ5P6agyhhKTDAOeNTmXE1zzs/AOB7ajM6DNtaQDGeOdRKxmjIlPhcDA1bPEJxiCNknO4nUSseVdXPXTGaplZ3LEZJ049jFsRaupEX0ieK5kWIN0OBrvNPmKvtLYG2WMNPDTVqwxIAqEAevB1IZlbIMeemuyvaRxLT8QZni7Hw7D82M/YaJUBl2+k82qgWIvtOJQTSljL3jBwvBBxjnWatjg5B7noB6u5g7YBAA5OP9/lqh7lp9I5SMbdcvLATm6htIqpQoyqMvuLe5BxrdrUKoxFCZkDsjcgcg6mywqhYDmcoBbmfUyKveygeJmGc68/Yxb1HubVVaoDthhlcINpxocIGzFdaNjFh1Izqy9wVo5ixziQuByedXiHvH1kt1LLSrUSx95If5uQPtr03hHh9D0i1hkzK1eodTtE61+EsY+IrWGQERQqjpyTnj7ar48diIAJTSjcST3OlSD9049jrzy9xm3/bb8JO9lz30lY0gBJIU+4BbRrecNNLVoBpql9iP3USBvMSQXaqhjGEEpAH66xr/wDcM9P4Ra1uhrZu8Y/Q4/YRZWyGGkmlTG5ELDPrjVKlDOAY5qnauh2XsAyNd2YMzHLNySfM638AYAngy5cBj2YGzserEj0OoErnM0Snw6gzpS/htSwVXamJamJJVWFpFDjIVh0ONVgdQxCcTL8QrdT2u9MaINGJ0MrIMYU58h6e2pIk6dy1eTJHecAHGqxgdzURxn31EkwaY41EoZrRyp2jprpImx2O3UTjPKUeM66csJfpqZczHXSJ/9k=	2026-02-09 21:05:00	2026-02-09 22:00:00	2026-02-13 00:06:22.909	2026-02-13 00:06:22.909
4ad1b742-45bf-4617-8a7a-50014315c48c	08937443-06aa-472f-bad5-93d2ca0e1e91	\N	Clash Royale	data:image/jpeg;base64,/9j/4AAQSkZJRgABAQAAAQABAAD/2wCEAAkGBwgHBgkIBwgKCgkLDRYPDQwMDRsUFRAWIB0iIiAdHx8kKDQsJCYxJx8fLT0tMTU3Ojo6Iys/RD84QzQ5OjcBCgoKDQwNGg8PGjclHyU3Nzc3Nzc3Nzc3Nzc3Nzc3Nzc3Nzc3Nzc3Nzc3Nzc3Nzc3Nzc3Nzc3Nzc3Nzc3Nzc3N//AABEIAJQA/QMBEQACEQEDEQH/xAAcAAADAAMBAQEAAAAAAAAAAAAEBQYCAwcBAAj/xAA8EAACAQMDAQYEAwcCBgMAAAABAgMEBREAEiExBhMiQVFhFDJxgQeRoRUjQlKxwdFT8BYkM0Ph8XKis//EABoBAAIDAQEAAAAAAAAAAAAAAAMEAQIFAAb/xAA2EQACAgEEAAUBBgUEAgMAAAABAgADEQQSITEFEyJBUWEUMnGBkbEjocHh8BUzQtEGUhYk8f/aAAwDAQACEQMRAD8A6X+x6OCmIkUNIRgOWxgnp/bR7dfcWypwJn1eGUhfWMmMbdQQWyApH5+Z66FbqHuwWjFGmSkELNdWJGYkHK48udUrIB5jeBjBgLo20lgduMnjy0wLsGUalSDEtdS01RA1RQlPB8wQ9ftrS02pOcMczC12gULvQYMXQLEWHf79hH8Plp6wtj0zIrWvdh8/lC54qBqYCnO2Vf4ieTpVLNQLPWOI9ZRpGq/htyPniLdPzKmPLOqofm4A9SdVZgqlm9uf0kgEkAdmCXSc2u4ilqsKgXLPnofTXnNP/wCQpqLvQuK8457/ABnp/wD48V0u8tl+x8fhPYq2lYCVmbuQ3iIU6fv8Y06o3lnLY44PcUo8D1bkFgAPfmLKC5zy1DRuQyF8LxyB5fXSei8Ru3BLTuzNjXeCac1l6fSRHJ4J16MYM8hz3PCAwKnoQQdWHHMq3qEqu1NSaugtIBG+dVY/U4/udZOhrFb2fSafiT+ctX1H78SywoXb5AYGsTtsz0ePTgSH/Fq9fsbshLDTvsqKwiFMdQD8x/LOrltqloJKRZYlI67P4D2/M4/LM/PcaccaUm7jM3LH7agmFVIwt9Es0jbgcJjpobviGWuFy0MUmwQjY4z3meh54/TVQT7yQvtPqWljBdJVDOWADeQHnrixAkqmTibr9aIrdLTLAzsk8PebWwcHJGP0zqldpfIkqgOYr+Hz0B0bdKsnxM/2e7Lnbxrg4g2oM8WgYdQdWLwQrjC329ncFVO0dTjgaurj3hEKofUZSQUjUscbEZEg4I5yRrQ0+oRhxNCi1LgdsOqZmpaaJehnXdnTe8ZlsbnJ+IAKf4iQYGc9RqcZ5lsZjWltkFFItXUhAVXKJ6nQsgWEfMAxBOFk3cqc1dW88rksx0K0gnMkidWq7vSy10FLBKH/AHqbjnqev+NCbTWqN2OJ5Ou1ScRhLNKw5bQwsYVVmhWfGATg9edTgS5Cxf2jrTFQvGu1mRc5YHgnj9c6PptN59m1uopdaahuHZkfTVzRvltw68r5fbTz+GFOam/WBXWK/Fgh61sLk87vfGNQuouqOLBE7vDaLvVUcTeV4z5HWkrbhmeesTYxX4htvtD1ySPu2KnQkddL36sUEcZzD6fQNeCc4xNKW+RLiIJRtKkMT13AemlPEfEBTo2tQbieB+J6zL6TQM+rFLHHv+OPj9JJ/iLdIKq4otPGfAu0yNwCR6DWV4R/482npFmobJPsOh+c9e2uOPLT2iE3N46FYmqNjSE7FIHix11vnQ+HowRgNx+pi/2jU/eB4mFLWTUtIastGyl9pUHDqRrM1GmRdR5aKRnoxyu/NRZ8Ee4lrSt31FBUBgwmTd0xjyx+mtjRm7aRd2DPJ+K0aem1RSOCMzZpyZRjenl+LqLDB8xifaw9hIG/oDpJx5a3N8/9Y/eOK3mvp1Hsf2IP7S5uVSaeBQnM0zrFEPc+f2GW+2vOVrmensfauZxn8armK6/U1DFIGipo/GBztYn/ABql5xgfnGvDK95e38APy7/nIJabCDjSu6b3k8ZhcNESudULRlNKSMxyKaGnipRDxLMm9t3kdDznkzgmODNYCU8jmodF2nxHOrLyOJbCJktNTHbUApg5wR9NcZdAjHIlM7i59npVnp9z03ijlUdCSBpUArYMHuRbQEuUKfvRBFbuPPTX0lvKjOOkHdbSozooqJGZVgAMTX3dJGcOB9xn9NDJx1Mqy1mOBPXrNw2wrxjG5v7DVcMxyTKivPcdWKd5qV1IQzRHdCWXO3jpqUYUvuHUIq7CPj3gVZ8TO4kqBIxPGWGtsEma6hSuFjWxUq7JamYYjj9fM+mmC2BA3krhF7M+rqyFpXab/pyKVI+nI1kay5hYjL7f2gipXbENVGEkxvVwRkEMNS1+7mEBDdyi+DaFhJHgMjZB8863FfjBnjcAymtVz+NgIqBtmjOGx56Ws0+DlZJu2HBhcrqkTupHhGcDqdB8tviGFyEdyWvsh+GRSfHK+5seg1r6SoJwJnXObGzFEdO0iLsGSWxoj6gI5DdS66fcgZZhLC0bspHK+eiK6WDPzBMjI34SktsjJDHIFV8qOHXOgOobjqZpyjk4j+G5CSPbuVGxyuMazrdKwORzNLT6qojDcTGQJKveBkEsYJVjj00tZSbamofpuI2VrNi2qc4nHa74jtD2hhorcmEmn7vv2GP4huKg9cA51oNqhpaV01P/ABAGYRaTZm1pn237Kx0M5WOtOymHdqGRjgZzywBAySTzjSHmGw7m7j9lSitSD+UmTTVFLbmnqmIZZNndtyT7+3nplNU6jk5i5oGzJ4M67+FVfRXjs+aSalBkphyxOdwJ9dRfq3azenEVt0iFAW5zCrxa/gpN0eTCx4J8vbWrptSLV57nmdZpDScjqZdlYi9+piB8m5//AKkf31XXtjTt9cfvO8OTdqlPxk/y/vKntZcI7PaZrpIu6SmjYQr6u3A/39deeUhVM9M1b22Ki9k4H0+T+QyZ+dpjLPVPNOxeWRi0jHzJ0kzFiSfeenpoWlVrUYA/pC6eEFQCOdUC5M1qkwIxjh4AAHGjCjMYCxbeK9ElSnRSGiGC5PTz1QU+8x9ZrFSzywIJLTVUtUkQDuz4KZ43Z56njVkZQMxG+u0vhgcSjprFQVFO9O9xCXWOIrFCONzDJ24H10MEk89QrYqUKp5m3sx8fJb6pGMckTp0Vx3mAepX0/X21VqlNgxHdPaXRWs/IxhFSMegyPXTS0HPMcJA7jWCiCxGSVcKBk59NHYYEQuuGeJI7CSGx16+es49xKbvh2XJYcAZyOmqbwep2Yz7PvsqTGTjvE/Uc65hkQmMiO5a6JAtPVx7o28gMac0l+1NpPUNRSxBKnma5rjSy0UkIxTwpyOOW08uoUgtnqMeU1Lea3MnSJawFsbVB8IOsyxjY2YpbeXPM2rbEkG7vNvtjVdpgN5lXDJHI/iA49degO5e5544xxGNqoGWeeVl2rIQEHt66uXAAxAWevAjCvijjpsL8xOBqtTszSDWqiSF1bvalscqg2g/11p1cLBgDMHpZNi5Hr5jS19JtO4R2uwVDaZ7OSyP4eWOTjQaa2rtBaWudXrO3uUPZR45qJopFyY2IPsD01OrDBsrE0RWHIjSqt4C7oTlffQ6tRzhopqNJgZWLZwtOrSS4jXGBvIAJxqdRaBWQDyZHhekNmqUsPSO5B3GlNRabzUUs7/EiVYYpInK4YYZgGHQAFRnzJYeWsutCTj3nsNTizJQekfElKS6X6lpvgnjSoj8X/XAkc5OeucnTC0WDoft/wBxH7S4GCeB8wylv1s7hYLna3p6gkqZkGQD5EAnj/zoZUoeuYcait12vOx9jLfaKG1rJaWp5nmAaeaLGSx5wfTGcY9tS7FjM+zduIjqeKORcOAQfI6lHZTkQLoGGCJotNsip7s1RAMKYyMenTRr9S1lOxopRo1qv8xZO/i5UsKWiowfC7l2+2svUNhAB7z1HglIfUs5/wCI4/P/APJy5aYu2QBoCnM9B5PqhUFOV8udNVVkx1K8DmV9P2bpzQwrJL3VZIu7n09NaK1jHUzn17Cwsoyok9f6Ps7Z6hTVTtNXp45YY1JV/QbugI9PPnSF4XOK5l32VNYXZcA/rE8t5u9eFSip2ihToVi3E59wNLLQB97uUfVOxzUMCe2Ojr5b1T1CpI88MquzNgAH3J9vbU2sqLgyKq3dt55hFwuotHbG5i2yLJTd6eOcRsRl1HsGJ1ZU3KGPcHVqWQlQcrGFs7WRiWQ1VMhhUeDa+Cx9Toh1ToMdzUqdrxlmwP1m+v7Y000DRMqxiQbRgkn8saA1zt0Jc6fTqPVZArfW0lQGhR8ydQpUg/XnSlm7MWu0+BvrO5f89oW7nuTG3TGoC4OYAL7meUpKSpKnO05HvohMYUZGY8rkEyxSpgg9PpoFmfaOab0mDy28z0sqR/8AUI8PvpnTIxBEm+wlCsHkjWGkQupRx1B4I1ZiE495jAEmaI65VyArNz1xoZdj1C+WZQ08RaRAOu4eeNeus+DPLoeJWmVY4yWYKqDBOdI4ycCTE9wuKzHbDyoGN3+NO0VbeTKPkxQ8BI9tN7hK9T6KSOFdkqZXpjGkzvDcCPZDCbDFTSwloO83HgRxruY/bUjUMDhoM0AxXVXmq7PgyS2ivgVxgzSKrD7hScfrq2+pziWFRAgzdu63u2ennBGPIA/10b7LUw6gmPMgbpeq+5vsr62ZtvCrv4HvjWVZXhue40tnp2jqbbJ2jqrE/dvmooZDuaMHkerL7+2gsnqy0PVqWrBHsZc0FXbrmkVVSyI235SMBk9iP86IrbTkS7bLhzF/ay1/HRqyCED+I93gt9edEtuLCCXShfeU/wCGFirLNRVU89TDLBVFTAImY+H33KMHS5xKHIGwyz3kdTnVMypURhaiT3jfQahjmDxiR/4p0ckvwVQoygJQn0zpbUKSo+k2v/H7VXUWIfcAj8u/3klbrO8vKgaJptMW5M9NbalZ5lFTWSlpIkmq+DnO3WoiBeAJnPrXtYrXFN5qZaqvLo5CjgYONL33eXwDH9LUtVWCJN3y0rUzw1LSEBiIyPU4POfsNZbXd4mbrtIj3B89w22WuKejiNyZ5WVcLDuKog/+IIB+pzqjXgHiKrpCRloDdK2k7OLLHbEC1tQAFA/gAzz+v665Q1xBPQlbnTTrhezIeaVkGwOTK58bZznTkyuc7R3CoW7mLvH+VRzoBOTNFV2LiVPZq2LFGKupQPO4BO7nb54+2mq0AEVsbJlrR/BVqCCvpYpFHyttAI+h6jUPWD7SK7GU5Uz24WJYYWloiJoTz6uvsfXSVtRXqFFhY8xNHGFQAD3+mliZrVL6cQ2mqhEojlHhJ49tUMY2EdRhHWIqAJtJBzuGmhaEHEr5RYye7V1TQRGqwZFGAQWxkk466rUBfb3EdWfs6eZj4/eTjXqeDAWlCZHIZw2ffjHrp1dFgdzMfxGxjlUH6zo43DqNbwb5mOUE1VVyp6UIlXUd2jg7d58JI8sjJ/TSOr1gq9Kjn2PY/fP9IxRpmbB/tFVXcqyP940a0+V3Rx7dykeW7zBPX2zzpJNRqR62P9vpNMaOsrG1LUiVEAYNIUDMF6A46a167iQPmZT1gExjSUZq3IYbUHzMR/TV3vCiD8rPUc08MFFGVp0C+vHJ0kzM5yYdQBFN4qleNopACDwQR1GrVrzCgzj3aimW3V3e042wSHxKP4TpxbChEBYsHs9jjvtZsasWkCpneRksfRR56V8R1NVK+rs9SKamY8QGupJrXM0FSpK7sB8YyPf0OktLq6714/SEtqZDgwdIm7syU07pk+IKxU4+3XTHlZXcsGGlH2evVLDQvS3uaZ5A37pZGJO3y+vOdCzt4MZrYEToVk7ZWylpY0dXp6NF2qDG35KOp+mqg7jgCHsVPLyTzF1w/FmkgmK01lq5EBxvnkEWffGG1zKR3FN0+sv4pvV3SippqRaSColETsJC2wnhTu4GM4zxwOdV5EFZWthGZ06ug/a1mnppB++UZGR59RqQATz0ZWq1tPYHHJQ5/Ee4/MZEmE/5KEBEXvj0DnGNV1WoKYrSelsu805zx+8SXy7z4CVChQPMNkaz/NsBzmE0+EOViumnFSqsnAY8Meh1SyxnmwuoU8HuJu19e0XdwRyfL8rfynRaFHRmR4i5AyPeTlTebhUxLE07AD/TbG7640daUU9TLs1NrgKYvlm7kks5klK5yTk5+uicCAJx9Y+7K2GkqUmqr2Z4wUJh7ojCe5B66zdRrDv21xyikqvmHuLK90VxHGe8QPgEDG4Z9NM1nPMNaQV4lzYzEKFGqZihbkKqEv8AfPA/PRW1AXoZgl0xYcwbtFdZaVEFrimhABZpHIYn/Gj0OXXLTK8QZqLVQHsZj7snfTJZI5qx3Pd+AhGBZgOCzD6/poFjgNtmhpUd6g8Lr56KvUyUmEl689G0pYAeZqUFhxJWrq6wwzqI417qTAdpQoI9x16aumnzg5mdfrLPMZR7GE2OaWWKTMgYh2wwPBGfL20K+va01vDrWsqyYJ2w3G07zI/EijYOjZPn9OuiaP02YgvGF/8Ar5z7iScyFJMSujN1yDnWi/E82AZZVfbGtmLpFTpBsYgvt8PBxySSf00EWXswcuSPjr+n9Y0tVQHC/rF0cNZeHjFRKqYy5yuMk/31HlqDnMOpLYEpJ5Z7hJ3lZEKdSApYDJQYAJHrozPwYyD6dseUNeZp46d6MxxSHCzAgZPuvln6nTVVr9MJl3aXau4GUHfJGgVOg9NEOCeYqBAau4y7SI8KR0J1IT5lhJW83SopyJaogp0DAdProowJfOJDdpqxK7Kp0xkaozZ4EqxiaglmppEKSFJo8FTnrqLdNXqE2v38wauUORG9dchfxSUdREIZXlCyyE+HHHOfbnj31l06P7JY1tvQ/nCO5twBPL/2Zktcry2yVpqUdBKQSeOeQNDp8SD2bHGPiWejaucxVZEqmuMNU0OU3bAx5AOtBlLWeX23xKVstZy3UdyTS1d+R6hsRx5CL0wMdfr56aSg1Nh4G27zuR1GFQ5qIO8RlaoXwFCOpx82lbe42oBElqhHiUpIh3Hy0vIIM6p+GnbqtdobfdacPBDGy/tEOeo5VWGOT751VrVUYaVXSvYwKiNbhcKSUSTTFCp53Dy/xpTlzmaoC0qFHAkje2BgPw7B0lHADZx/40NlMbqccCImus6RRUaKIhHwSOCT6Z1yrxC7/VxGiU1JdLQ8FUjElT3cq/NGw9fUeulnd633CM3oLa8SMr6G4W2NO9VWjkbbG6+Z0/Tqq7RxMC3T2VHA5ja2dlo5qOonuM7R1IXdCARsDDybjn7EaUfXbnwo4h00mwZc8zd+0aiagio1jEZAPetn38tVGnUOWzG1RmmmhsdZW4ngpZHp42BZhgjA66aBOOBIYVq21j8cSgpYWkTxSuBn050HdiNtVC5qOKoomQ/vAAeCctpii3YeJj+K6I31naPUvI+vyP8APpJyGK42eXv6clQ3IR+jfUa0XrVzzPOUawqMA/lGK3apWlNTDRxBD1ZyeGHXb7fXSnkDOJuf6i20FR+MTTS01RvldJBPKeTvwqk9fr+WiotgbHGIlZZW/qAOTGFBWUtvqUaCQd2w2vHu3ffVdRWHHEd0WoNTRh2sNPPZ4ZVPLyKUbHHvpTTAizBmt4i6vpwR8yQKqrsIn3r6txp1+PeYSciUFPFS0z5kjd0B53E7evU4xxp2rT1oALDNdaKkx5hPMaxqiMTC7oSflB4+gP8AnUajTKvqTqRbUqcoeJ9UVNRGFjEuUJyRjp76AFCmL7tpyI3guEcSAukshRS5aPjb6HJ6atczIMg4ku2Riaa+vqS4R5irjwgq2SfryeDjkflpVAG+6eYI4XsR7DHPPHDHsPfOACOv31pBtqZaZx74i7tZYtsAjatR6hfF3KxkDGP5s6B9pDnbiE8piMic+jt6y1CxOXRHBGVHOr5K9QaKHbBMHuNpankVS+4fwOvGfUHTlTCyVtqaqBGJz4WXPuDjRim9djCBBxyIXDX10FI1I0olp3UriTll++s//R6xcHB4hPPJGDMrXcqi2xClEYkUzByzHyxyNFbT3JqvOU8f5xBtssq2NC74qsYaqPlZVyDprW8rvA7gNL6Tt+Jjb6oR9dZZmopg17mU1ZaMDPd4U+hPnoLcSx5IEvLNLSW+giphFhIxknPXWWTuabwrFa8dARR2i7VJPCttpiI4n5ZiAcnOeD5e/rnWgihVwJiXWb3JMRhXcBYs7tvUdNE4gvwmj4Na5vhlf/nVG+M78ZwOVby58joDjbzGq3a4ge46mhq64RSdy0zxNDkFMYI+vtpd6kIwRNFbmsGCep5V19XdGp4pcZpc4ZOM551Supaske85Qzv+EZT1dVcI1jk2xxgAeHqdASlUOY0tBY8zOCibhIwW489EJjO1a1yTgfWF08I2NHFIQMFWCN5n6aje6zkXT3AdH4mxF+GRCkpjcHh9+Nui1l29uJneLCuukBTySAfoPmZVdZWUjmSjaOpjVMsrEE8dSca5RnsYiNmsoRRWjkoOmBGcj5BGI2tfeXi37p4o0ckqUHOB5c6bru2DBmPqdCNQfOpPq/DGf7xfebMkTRxOZEjC7gR0ydFVwWg2peurHZ95O1NKY3KhcBeT56KSB2ZWrc4yBNYoqlRGyoviGVUuBkaAbq+o6lVveIct2RrY9vuMBkgB8Jjfa6Nn6Eeuh+WCdwjw1H8Py7BxBrXTUM8b99JVpIDyE2Yxzjr56iwMDxJ0qo+c54+JW0G21pLE7xTSSrjMieH6Y1pZa07oW2wH75mFZTTTSSSUlPUGIgDyGfUj01Kn0gMYG1yVwp95oVDTou7xseXSZt2z0H+dcUWywBf8/nAhmVctM0nSadlqoXkgEZJgViqSMGBXKqRnjOltZo3DDaMgDuG02pUr6jgn6Q6rqKW2rG8EFFEInJKwofuHPmeQevUaz0cI/Bj76ax6ySOPr3Htgraauc1dZUxww043gxVGAWxwcdSAM8c86ZNjX8H2mfZUdMMAd/MXdo/3NclTTUckXxKnx1DM28HG1uCACecgg+WMasqZ4BlPMIUk9xMtDipy6lSPIjGnTz1F6l5yYPeKQPEXJ27RkZ1ZWKNxDWKHTBiGpp5YY4pJYWRJV3RsRww1opYrZwepmEEdwRtFDSkxyB11xxOhNtqo61/2fM20Of3bZ5R/IfQnj76Re3usziu31iE11rEKKlsNRNVOu4xFR4R9fXSliEcCNK4xmaqPsjeK8kSLHC3ksr8n8umqeU3vOL5nR17Dy03YyqqrpcY/jEpnbKR+AYBxnzJ9SNJ/Z0DZjv8AqNrjyiO+P6f3nLLJbJ7w5WFUaRow+x2IKgn5h7jH66mywJB0VG0kA/rDDA1ro6oVSsrOojxIpOTuydhHT6+mR765LFbqWal0GWHEDsqSVFxdqTamyNyWd8BBjrnz1zrkYlaG2vkGOK2kW9BI6aYTXKmQgEIUMo6lSD+an6j0wFlKn6TSSxbfV/yHf1+sVUUQXd13E85/poLGaVCAcygttsrKtHkpaV5kT5yuPCND2sehGDbUhAZsEzbNQs9K7L3gAUnCHG721Wt8HmU8QpdqDs7HP1imTcrNDb0SnSQqxLHGwdDnr6a0Kqw7ANPJV656lds8/wCdTXU25JYqruqx6kqcI0UZVfvnqf8AfGnNmIi+tct6pop5lqaeClgRUdFxI7kAk+mcaVtC1jI7jtOmt1bFVIAA/Lj+so+zr1dHB3omY04cjI6HB8h/c64UMw3CJ6i1NPfs3nHvLpYqeuo0knjIhkGBuXAIPnzqa+OGnarzGIsoyf3/ADiy/wDZES5qbew2bdrJ5aMad3RitXiD0+i1cfykbW0NLIsJnjnSeFdmUYbTj6g6XOncZ2kTTr16dsDAXoROJWaIh3LMvPPr9NUxZWQpmlU+nv07WfEDFK0caZ8LMMkFTnUWEkw+jIrrzjJMpIaiQRHDhm65IGeffWhVVuO0TNI28x/bKEVPZK6XipqZw9IQEjj24PTrkH1H5aK+FsCCVN7ycS4Uq3OkkrlIpjKomOc5Gf8AB/TVtvl8r3KNaW7lBX2KWjqaisUhrbGCyTK45GPDjz8/01Gq1afZyufUfaH0FXmalTjgc/pJyORJZVpIahNk77N0nCq3qfsDxrBFZYz0z3gLgGe01ClPe47dUVKskYO2oi8ieg/PTCjy3yJnWt5ibTHVwra+eEQ1BmqZoF5kCgjbwAcKPcDnTykETJZArczRTXiSKnETpHKAP+8uWX7nnVCjA5Bh1ZT2MzL4tau4RxTEpFFHho2UuobqQq9Mcg8+Y50KpXZieTz7TrGAGOBPHhNbcGhd9ysgGw4Pi5OPy07YnpwOD9Il5uDn2iS4WONal3aQpH/prwQdKP4nbWmzGSPeXXTqx3RDU0kiTBId0isMhm8tM6fxRXrzYcGDs0xBwsZdmuziVY7+5mRI3kIjji+YspweevlpTW6q0NsoAJ75hdPplcZaXVXQWqgjjqqC4u0s3J7zxbwPMNgcj0Ou8M1uptc16hfzx+8HqNMqruSa2qGMD/AzAVWCQWXPQZ8umm9dvVcc4jPhtaE+ojPwYlr+0VyntdTb6iuDwVKd2yryec/KM9efLWQtrZxNe/S1MpJXkA4/MYkvETbJe8S4S0s6bohsjGQuehzn008yqw5mIljVMSpxPbjdYqumhinlqKyVOf3rBUHuAoBJ+uqLWifdEm3UPb945i6CuwGCxnvHIO5QMKB7atBAmFUFxqKS4CsEjmQvvLZ5J1VhkQ9Fmx8ysqVttfiupZIlqpv+vECMo2OoHv5+499ZtquuDPQU2IW2Kf8APiHW+EiMR8bTwdvnoaswOQY81SOMMAZ9X9nKuoECWuX4dSSJTvOAPp/60ZLQOW7mP4hpbLLValtvzyf2iW5W6OzXGGlhmaoYndIDwefI+Xvp7T2sSCR3MbV+H1/xHV/ujP58f5iPZLX3lrkNoFM0irkxqxLH1A8s60CTPN5wckySobNVVMwPexUzDxuJjt2KD5jqT7aTKm1sCb+nu+wafzLDneOBLXs9JQ0sDHwzCBvC0i+HceSxB6+2dFsbaABFNHWuste+wcxj+2RdhPbHnXvpF2xK5wN/Vf6DSrjcJu1EVOH/AFkPW3K8Wyd0FRNBPExVwD0IPQjoR7dNCq9B44mnqkTUphwGB+Rn/DK+7i21dspapYliq541kYKfl4/l07ZqK1XJ7nhtPoNU1zKnC/Mn6qWnggb5dxGO8xgD7eekW1DWN6RN6rQpRWwds7u4NRdoaEqy3SB1ZeEeJN28e48tPIMjmZltdlZxUeJR1Fjq0lNM1M6ux6KvhPvnR1rZWGIRb0NZfPEZ9m6MUPx1vudXCLfUrh13fPxg4+oP6a0LNOSAyLzEH8RqY4VpG9q+zs9skqI4F7+lkfMMindxnKjP3xn11DVjyt36iMVObfSIXT1FVUWCntyysJsFXjckgDyK44+/XSOqoFo35xNbQ6htOWUjub7fItotz0VYIUdHB3OmQfPI9eulhWQQo5jtd1br5jcAQe1yQLc6y7dx3cPdLEuxeRk8kg8c/pqzUvuAxzEzqamXep4myruCUOx7exWSqcFpAcHYM+H6E8n/AOI1qaKnCl3mbqLfMYqDwIRNRVFbEs9OVlcZYo7ZbAxnr7f0029auP4giSah6274i96gUwZtjGdSe7y2FXdjdnHJJ2jz4wNZXl+U52nE1C/moD2DNtrbuY4WzlmkLKT69Ofy0vU4FxB951inysxl2ziiC0t0pf8AoVieMfySjhh+n9dI66orZn2hdI4YFT3I1AGq0Bbwht5BPkOTpFRn2jLZMr6CJaS32+HO1pU7yIqOQxJY+L1OdauoTAx8gStJUEhewef3hFBTz1kRmqEp5RWbXnVBy7DDAenPOcY0r6qdr15+O/niOeVvAFhyJure0dTTVQpUpSkz5EUSReIj2A1d2JMMtVQ+MSYnsdXSrWXM0JgkizKkLrli3X7aqEYthpJKGo21jOOpNV4N3eKeWshSRk/e7zjJyTnH307twMTAJ3nPzB5LfSwMn/OJPnr3S5OqmSFmU2wKI6eBY1B6nlifU/8AnUS+IbZrFUXZKiSFSYoOX2/M/XoOp6dNRzLKuZV2bsxRvDJD3fcXWlAkiO/ioj8wQfPr09NL3EkEGOUAI6t+saW2PLAHnH6az1GeBPRs4Ajarr4aFDEros5XOW/gHrpzS6fzTlup5jxfxP7N6V5c9f8Ac55fKylWrnZ172c9XyQPduPMnWmNuTj24mNqd6ItSnO4BmPyTz+kT0l0loajvKZyq5zgHI1IPOYmaww5m6W4SVtY05bl+GGqA4JMbvY26ZB/68SgskbA4JQhyPn5XP8Avj76q/Ig9Beartg6M8q0o7PdxVGaU1c9QjGM9I+cke/11Q8jE2hw2feau2FJLUdp2hptpetZWjGcAlhjj8s6AcA8zTqYinGepQQ9j1FMy09ZVT1UAxJOqr3SsB8uDyftoeA3JHEUZjng4kp2ch/aF0q6W4VKqYoXIDHG51YEAD7arrn8lFNXZMppt1jnfziaK601KTd5W0Dr3viRSnAHsPLTKPgYEGaxnkTqna+5vSR/s8yEu3JIyByc69V4dp9/8SeQtZbHK+wkxRUxqyN7E60bLNh4nBFT7sf20tTu1vnAeORSEDrkDIwCM+Y0hqEWxPMHtLU2mmwOOhEti7PXGW5OGp5ou5bJV1wGXOMZ6e2sp0Hk4JHJnoftVfnE54AzmHTW6d7pHQVCx7Y900rJzkHnr5Dy41YItde8d9CLLedU3lEekcn6/EBekjqLhVwMO5ppgMzyEkIE5J56/TUYbAdjkiFcIrMla4B/eTd4+Bqb2tLbmmeCFQiPKcbvVgPfjRWudNqsISjTCzdgylscjU6BKiJZVc/uG3c9OhzpbzD94EgzSajtNoK4/MH+8RVsPfyO64O5icqcj3504KwwmOzEMczQ1bNToiCnDhOni98/30k/h7ZyDDDVDGCI7imN1tDU/dkioAmjjz8kg4IH1xqNcieUA7AGC0xYPkA4krVxG3d6KvKVBj4hOCwzwRxn31jUUm0gqMiabsE4J5nRPgaeso6SjnU4ihQs4PIYqOmtC+zd6fiF01W0tYD94zRbKC29mqmV++kncjwKxLbF/wA++lM4joQnqK6S5vU9tbXclXGyqijjB6hWYK36MdU3eoSbqh5LjHOD+xM6Bc6CSGsLS4PfDeQenuNae1X5ES8LcDSKmMEd/nzOT9u+zQtk8VRRNiCckrEOqEdcAeWhWDaMmL6mna2Vk5a6bvZUAG8EgDHiB+40PuATEcdpKNLXb4GI2z1LEKCMHaOp/Mga7EJZhRgTd2FuNXR1TtQOFJTAcxqTGSCMrkHnBOhW2+WsJpaBccHoS0W0OYe9mA3N4tzjJJ0gWLcmavoUbVHE9p1aOln2YBd0jX25yf00xp1UK7Qd9rOyIJK36julV2qNEm4GrkHcOR4WG0efsAfy03pmBrABnmvEqGGqYkd45/Kb7l2H+GRBPce8mx8yp4dHKYlmw6BW9otHZKWJyJpYXkwCNvAIIyDqQJm3PtfAm2n7I1csyiOALk/NuwDrtuYD7RtHctKLslVUiLOsUTKg3NGrjxfnqrKccRrSXV+YHfqRPaFEjqysFMQQxVpHwe7GeTnqRnOgKcmb5IIDD3mdFd3hSCJXWp7rgz7PkHoG8h0/LUWV5HEIluODMqG/13fSpQVBUZJDZPJ1QgKmCJcHzHIEHq7ndHpUiuUtwqSnSSOpbxe7L0J99B2q5ODxLbmrA3DkfEqLXVw3a2U8jjupYwVdT19s++risrI3buTBu21RK98kZGWSMBTE6HKupHUH65H217vSYXT49/f6TxFNG1m+vMXUt0amHBGdWK5jBrzKfsvWy3ypIrdiJSDvFm9BjofbSmpUUJuX34xFrxghM8mVNzqBW0b9/US09OCCiQuuZh6evOshT5TdZPX4TTro8wKB38e0Qx3+kip46OC2vEHHCu2Wxk9ffTKV7mLM3UljZWBgcmfXm1C4wQ0j13wbvnu1ljyrADJ6HrgHREIXLKufwgWv1CMGs6khbRark8lu79VqoHJpKkjbu68Eeh41F2M4I67HvNCmx1AcTOkowal6KWpeOtLD/lxIxBIJO4DHH146aoV9QKHj4hQUKM1q5YmYCLN5mpLbKktPEwRw55LeeD7avv2je3XWPr/aUSlrTsX739IdNaZSPDC35aKl1bEAQdunvqXcw4H1gVJRSFpp46oioGAgY+EeWSPPHA1leJeHCpfP28nv+kb8J1yW3GjPIHEX3E0NJX09QaWnfGJJtyna0nUYwfPSVGrsrXYp4mrqtJWx3NHC1dfdKlZaV3iic7nkzjKnnVaKLNQ/095e7UVaavPHHQiRrpI9bJRU7GZxIVkLcEkEjr5aLdXp6Tt7IgaNRqNQARgZm68TVtoulJcZVVY2cTRBDkI6nIH5411JoY+oQWpOprBUNkEGd8uMQqaWGYoQQMkMOQCNXqYBsRbTOVOPmQvatIIayN5Imkl7nAB5QDOeh9cYz5Z0HW2JwrR5ansO5DyJEf8AD9DdrfUVxjFPVrOyERnAPp+mNJBGXGxuPrJ9NhIsTn5HBk1d7GlF3fxFRUk7fCeCMe3npoHjmJ21Kp4mNiu0lgqlaDY0TEbhIvH19tUepbDzJp1L1Dap4nSYO1NJdaaQUzbZYuJF/uPUaTtrNZxNOhxbnEAoK0T3qOneQKsvK8+f+86vWpPA95axwhDH25lC9Y0tTLSUciptGInIBGccH+un66UQ8TB1WqcrljFfaYz0BNVU1MsgqZgIkmOFiPUqp640ZswHmK/CkGEQN+0IVkRO6dEEYjfGcKMFvpogIAyZkX1WM+E5ycDEUXusp7fE2+pEs46JG+Nn1x01mX6gtws9r4R4DXQBfqBlhzyOB+AP7xd+HnaOr/4php7hVSS09Z+7VZJCVjfqu0E8c8fcatRYVIgfFtJ9qVn2+oc/l7/9xj2soRVVczQJuyxOMdR/60QghiREKLVFKIeMCSN2ar+F2zOoUttwuen9tEEK1mR7QamkSnDHG5scHOMaINuOZRWxyJ9HX1c8yQxbpZH6BRpY1LDjUP0DKyy0S0CytX3JY5ZiD3caBtv1J0Mj4EIM+5lFb7Cu16a5wVIjcHunjhdyCOuAoORr1uo1oTDIQT8Znk6wXHAP6Qan7L22RpJ569okj5kjlgaOSMerqRlR7nGofxEA4A5/HiWYXAcL/I/9RvVCjsts7qx1C7pCRJMBncf5QSME6DXZ9pt23e3tAop3CwjP1wcfhJyR6uubvI4q6qMa7C1NTyTYzzyUU40c6bTU8FsfiZotqLryDjr8hNtnLzXR6lqSudaVcNihlYqw4IwFzn2OkLmqrGyts/nD177rAz8Qt7hJWVS1tNbKyo7tXijljpZZUAPDcqCM8EH056aWXVbFKj3mi2i07geY385PzWe21rR93RskoOY3oi2/7AZ3arbqmsYMe4VtDSq5V8Z/CZV9uuoqIq6OaoE0ETIe8opEnKHALYK4wvGW6DPlkZdosruYKW2/jMrV+ZpxwN34HImXZezpTMz/AAVzLOA4KUUshdWzhsgHwnnnGD5HTtraaury0cH8+ZmrbrPMDHI9+I/ht7l2D1E2UPiheJkdc8jKsAR+WlKUQNuU5jeq8Ueys1FMZm40caLKgjUB/CwJ5OmbW85Nr9TI0jGiwWIeR1J4dlBM7/HTPNH3m9R6DyH01lU+HYsYWde03b/GrLFATg+/9veOAkMEaxoiLGg2qqjoPLW0qbRhRMpnd/U3cmbxaFW5ftCmdY3mYCVWBwT6jH01ma/QqzeZnGZt6DxB0wuJle7hSRU1v+OR5Y4pu+jAUnvACOOPcDOsryjWwxzNW6+uxCH4nX+ylfebtb5Jb1QR0iOB3QWTL4x/GPI67Do3q7mc+xCPL9vmS3bazXCneqvVHPDLCEAqKeobZsC8ZQ+/p5nz1N1HnEEGMrqWp9Q5E53b701HFVUqqe+mm3hgeM4IP36aq9QXj4latRkk+5mqSf8AeGSZt0h651TEJnPJi24tHLiRFVWA6gamCfB6glmmlpqppIzwqnIPTB/8nQ7ACMGF0m5HLD4j/s9UNS3hJch5nGxWPIBP+zobr6SI1WctzKK508rzLPTVwjMeFjgpxwPrj7/npmp2PYxFL6EXo5/KG1t6qFs89RWJEXpY1kRnb/uHhR9c51e6w7In4foql1AwMCSUd5kS11FNJ+8km6yseV5549ffSQvcqUM9I/hNC6tNWpwBzj6xDWPvbaPlxwNVRQsZ1N7W8Z4g9PJLDNHLG5DxOHQ+4OR/TRUALCZtoOwg9Sjt3aK91lTkzxNH/wBz92Bken103nbMn/T6tR6T1MLhV/tC6JSyiGPcNoPAAY8jJ/TQt538xi3w6qmjFHYgM9DKngZGD9DuGNGMzq33naO57b0rKGsJpATUSIVCqucj6apkZxGGW2v1YlXZrfJBA81zSR55zuwwyQNcYROvUZY01wpbRaqmuutz/Z7vSlIZPmkVpDgMqdWI4OMHWj4iwazavtMTQqMl/bqZXq5dn68XyNO0NphkutnWBXqKpEw+HHIJyD4uh5Gs8gjiPjkSauUVor+w1BaI+1NiinttZ3pZ61P3gUH5cHJz5aP5w88WyqghcGZdl+0FBbexN5qKuqcFoYpFgSp7iZs8YU5yG6dPTTPiTB2Rh7iDpB9X4xz2bvlDL2e7PywX6jtyxVrT18VZXBZHj8fhJblvEV5PXGc6QZSpw0PGNs7WdnDDTu98ihjlvE/cqk6qCPHjeP8ATJHXpkr66rOxIOx32an7SVdQtfAN9xctPTTIY+7LjIzyMEYP30M2HftxNFEV9IcnqVVJ2moartj2skrLnBV22noglPEJ12FSBvCt0ySBnz41eZ4GBkRnbb7aGvUSQV1LT072JBHA1Wo2NvOFJzwQD9edTIkp2f2pd75maCSTdDloa16vC7Ohlbrznjy6dMa09BggzO1qbmXMp6KjlrYZmAOIkJBP8XtpyyxaiAfeKBM5Akj2hqKxaF5aSUxiM5lwPFtP8Q++qa3zK03V8RvQik2AWDOeviL7NdzWw7JX3Sx8Enqw8jo3ht/nV4b7whtbQtVmU6MMr8LTCWWWKCBDlpZTx7AAck89B11fWuqrhuoLTttfjv2xJe6XyGoAWjQhVG3vXH7xvoB8v251gXXmw4XqatdJ+/cefj4/7nSvws7Zq4p7DdGIqpC3cSk5Dkc7Sf5sA/lqjtuwD3JsUn1Rt+Lkxh7G17QZJWSIyBfId4uf8/bRUJVcwQItrZQepwFZySHycjnOgk5kqcHMNSvSoYK7BS3meg0M8QwfMoIrLEsEspqIKh+7yAjggDHpqhMaWsAZzEVsp2f4lEViRESPfnjQ3OMZjGjpazzAo5xD7Zn4+mYo/gOeFydc/IOJahH80cHiVz3NaYRo6oneDcu/gMAcZB+ox9tVStVILtgxm4vbnykyBA7pQvf44aanq6ajXcC3fyEIwA46A589MWVOwG3qJ0lKWJcHIHUyqfw5qRS97TdorVOV5KtJsB9s5OhClgcwjeIlhtKmRVVSzUcssVSqGRP9OVZFP0ZSQfz1VwRxHKirJvj2G12Ont6O/wATWVjgEb8JGpI64BOfvpiunDZMzbLnYcdQCpiaFsUgWJhgYHnotlZ7WV09wVtp6iedJKh5CVzuPJIxpcBicmGtIOQTyY5oXWOCON6hpWUcZ5+g58tE3g8wdWmSs5A5+YPDdfhr3BUqxAicA5/lPBH6nQSfWDGHO6pl+Z06WlpsI88sXjXcodwvH31z2nMWo0yFcv3BKa81nbG5NbYbZFLTqDJCAFBiA4yxbp1HTn2416d0p0g32HJnk66XP3ITWfhfVzLLUzTUSMF3EcuT7bsDSreI1k/7f846tLqPvQSy/h/cK6309fDFblFRAskXfyNuUNyMqEx+R1Y+I0j7qSDTYx9RgNf+H1ZYlkut+jpK2mjYH9wSVjz/ABOpA8OcdDx1PHIFVfXdYBZwDJvFoTFf94f/AMF3TtRaqWqjgo4QS21qhtvgzhdqqp4xz1GrX61RmrbwJfT0pWvBz/nMXVf4e3rsyiV9TV0klEmRNJAhLU6kHx4YYx5HHTOemSMoKC3eI+upKjrMb1VgisdvpbjcrfRmneNIIzDIXLyvxucbQOfCOCcc+uraVK1f+LMzxi3WW1j7KcfMU3nsfXdm4VuMtLQd1PMsO1GMgBc4XcpUADOBkeZ1A4csvH85o/wb6BVcOeM44yY3Tstd6K9QUU0Fqqp7hTvI7MCqbY2TOfCTkbxjA9fbTFeo2rhhz+H7wNyUW4GCAIwulPN2YFEtVR0fd18606Cn5USHoGO0dfXTdepqbPGDM6zSsejGv7RuFtvlBZKilo4payN3hWGRmUBcZ3EqOeR5HOl3tqYE85lBo7B7yX7RolLebrSSqMQUhnm2ElQjggDnHORp1NWltG1uxIal6iBnOTxOTUFZU0czSU7DeRg5GQRrKp1FlJ3Vmbtla2ZVpuutxrbnIj1LAiIYRBwq/TUW3Pa255SqhafuiCQhsoV8TZwFAPPtoYUk4XswuQBkzq34Wdju+qP29eCVNFIGp6ZW4DAZDMfMj0/roz6Zqiofsxa7UDYWHQ5lneO6uFDVw1Q3xzRuHX1yDxpoqApWNaKorp9pHJ5/XnmcJuVnjhoopKSYvNtzJCefD6j39tIExULxEoBx01EkQ6ColdRFjL/Kuq4hVaVVjtj0dNmQDvZfE3PT0H+/XStpJbE9P4ZWtNG49n/BCqh2o8SSISpODxq1CZfmT4jqP4OF955V1UVXDAeZBTI2xP4hlix4++j2V7rAT1EKNStdLBOGmEV7pWYR01LUyv5BUH6c6b3KB9JmDfYxAGTEl2vk0sxU0/dhDjbjO0+58/tqRYGGVgrEZH2uOYiqJpZqhN0hC+Y6eehMAxzJ81lGAeDKS33Skhp1grZtjD5SELceXQHRQAZO/EyWelqpS0UgMI/mG0MfTny1IxOyCcxVd5i9QzI+U4AA6aDeeISo+vMC+MlWMqmF9TjSn0ju7jMDdzyXORqQIBn+ZtZ3n2vM7OcAAsd3H1J/TUkSyNkcTvv4XvHU3C5SrTrEyxorY8ySSdbXijZKj8Z5rRJtB5zFNxhF77T9oUrrhWItNUrDBAtU0cezu1JG0EZJJPXQNJUr8sMwPiGqellVDiVlht9RVdgJrZBO9JPJDNBFLkkw9QpznPHGgagAWkLHtO2+tW+Yr7bGo7L/AIVPbHmluFbPCKDvnDEyPJ4SxPOOCcZPXA0NQWYAQpYAZMM7UtNZ/wAKZ/gpGhmhoI1RkbBUnaCQfLqdRznHvJHtN/Zsyr+HIFdMZ3FJJvlkcsWGD1J664qVO0yz7cnb1M+zdND2l7AWL40hgYaadtvQtGVbH5jUSse11PRXulno5HWVY5VEmw5KOpVwPY9Drp0QVFZ3n4rUtH5QWZ5APQvJg/8A5jXTo2rYbZ2nppaYTd58FWpv2cGOaJlcA/p9jrp0me11XT0f4m9l56uZIYlpKnc8jbVHy9Trpw5nLu3XacVHartOtvkjnpawxRiZH3DakajAPpkHVg+0ECWWkMwc+0kEk2rwNDjQPE+Em5hnjPGpnZhEbpHNE0eO93rsPvnjPpzqyEhwRIbGMT9BWFZKHsU0rKUlqGLDPmCeP0GtbUsLNZj4md5YsKVf+zAflnJ/kDA5ZgIjk8aBYdonrEqG4yTnobcZGK0cIJ88HprEtv8AVxHV8M0+OUip+zVqd8pCy+W1XIB+2qC9zBP4XpRyVx+ZjCjs1HTkLBSonq3/AL1bLN7we2mgehRGyW7w7m2qPXVxVmKvrwvAk/2ynhpaOKngnilkkfxKrAlQNHqqwcxO7VmxMYiK2ywnLSybcISnufMf10aA3fENp7vQULirpJ0jnwQGjQ7ueCBxqSARgzgwU5iurgnrJFPdmKlIBAY4bJ6lvfOlDqUA2V9+00x4de7C3UD0kZJgBgge4CKPBig/i/mJ9/b+2nBnjdMhwu8hOoDUkQzOrnLK3X199dmDP1hdHMopwvQ8nGpzLr1B699yFlHK6o4yMS4bHIgJlG3JODjnS5Q5hxcCsxiR6klUO1P5joiJF2ctwJvFIMYM7Lj0A51cqDKDI6M7pV3SDsGDNGY6uqm8MlOW2ZXOR4gDgj6H7a0dQp1I3dYmDoXZCQecwOq/FOxTxSPV9mKzv2U4OIWyccZbdn9NJGm1epq7VPcXWPtjXy9hDYI6OoqblPSyQrVipRAjMCAxJIORnPHpq50trervMXN1VI2ngCP+1lVfYOwzWuutC3AvSqklctWqCNhja+CCSwbB44yOuqCtt38PuTXeH4cf3gFm/EwLbaS13Kzy3GfYsZaJ02v6ZD40R9NuOajkftDqGAw0V9q/xPevs1ZY7VYvgxNE0JmapTEQPXCoCOmfPSrcEgwwrJnvYf8AE2l7N9nKa0VVsrapqYuFmhZMFSxIHJHQHH21ElqzniDdlvxUFlnvMlba56g3CvaqRYpUGzKhcHPsq9NEWtmGRBlSO5hQ9vj/AMf1Paiotk4glpVp46ZJVZwB55OB1zo66SwqTImzsz+IUtq7QdoK17dNLTXGo79KXvUDxtjGc9OgwftpaxTVw3cPXQ1i5Wbrh2tpL92norrfuz0hoKOmliWmSZJnkZipBKnaMDB4ydD3CFGjvUZAkL2impLhfa6ptlvagtxYGCndVVkG0buBkDLZPXz10hVcLtb2imMgkg9AeNTOmvOJHBOB5HXddyPeUHZXstce1FV3NsiCxDAmqJOEQf3PoP6asEJGT1BW6hKuOyfafpUU0iUKQusbJGgAGOmBjRQy78iZzrcF3H2ke9C9TDcVTJlp8MB7ZOr3tuys9Q2t+zVUW/8AE4z+HH7dn6ZkjKxJJGsBuTPVrjqYo+11LdM6hTzK2puUgTT2kv3waJS0W0z5zJL/AKY/lHv761aawVyZ47U2MtmAYpnqw6d5UzOQefE+f00cLAFh3J+6VqzygouFUYB89WxiBL5M+s1YsE88cpRY54Wj3spPd+49+NVYZ95ZH2nJhhdKaKPY8M4VSUI6+ukLdPcDweDN/Ta3TkDcoyJou13E6xxUe7YvLu3VvtpiuhK1wBM/VeI23NweIqiqDHE/i6nPA5OjZmd9YuqHZ3LZ5P6agyhhKTDAOeNTmXE1zzs/AOB7ajM6DNtaQDGeOdRKxmjIlPhcDA1bPEJxiCNknO4nUSseVdXPXTGaplZ3LEZJ049jFsRaupEX0ieK5kWIN0OBrvNPmKvtLYG2WMNPDTVqwxIAqEAevB1IZlbIMeemuyvaRxLT8QZni7Hw7D82M/YaJUBl2+k82qgWIvtOJQTSljL3jBwvBBxjnWatjg5B7noB6u5g7YBAA5OP9/lqh7lp9I5SMbdcvLATm6htIqpQoyqMvuLe5BxrdrUKoxFCZkDsjcgcg6mywqhYDmcoBbmfUyKveygeJmGc68/Yxb1HubVVaoDthhlcINpxocIGzFdaNjFh1Izqy9wVo5ixziQuByedXiHvH1kt1LLSrUSx95If5uQPtr03hHh9D0i1hkzK1eodTtE61+EsY+IrWGQERQqjpyTnj7ar48diIAJTSjcST3OlSD9049jrzy9xm3/bb8JO9lz30lY0gBJIU+4BbRrecNNLVoBpql9iP3USBvMSQXaqhjGEEpAH66xr/wDcM9P4Ra1uhrZu8Y/Q4/YRZWyGGkmlTG5ELDPrjVKlDOAY5qnauh2XsAyNd2YMzHLNySfM638AYAngy5cBj2YGzserEj0OoErnM0Snw6gzpS/htSwVXamJamJJVWFpFDjIVh0ONVgdQxCcTL8QrdT2u9MaINGJ0MrIMYU58h6e2pIk6dy1eTJHecAHGqxgdzURxn31EkwaY41EoZrRyp2jprpImx2O3UTjPKUeM66csJfpqZczHXSJ/9k=	2026-02-08 20:00:00	2026-02-08 21:00:00	2026-02-13 04:25:20.34	2026-02-13 04:25:20.34
6dcc7dc4-94f0-40ed-b578-2ac11bd200ac	740e027b-66f8-479e-8277-a84a7e36b837	\N	Clash Royale	https://media.rawg.io/media/games/a11/a11912ae667ce96c98619f018ead97ae.jpg	2026-02-15 20:00:00	2026-02-15 21:00:00	2026-02-13 05:11:01.671	2026-02-13 05:11:01.671
e6c4ef74-d8df-4f74-850d-92cf879053c1	740e027b-66f8-479e-8277-a84a7e36b837	\N	Valorant	https://media.rawg.io/media/games/b11/b11127b9ee3c3701bd15b9af3286d20e.jpg	2026-02-16 20:00:00	2026-02-16 21:00:00	2026-02-13 05:11:13.523	2026-02-13 05:11:13.523
c7641139-39c8-453a-a3b3-4ed0b6801c35	740e027b-66f8-479e-8277-a84a7e36b837	\N	eFootball 2022	https://media.rawg.io/media/games/eb1/eb1ff1ffdab179ff7f0987d0266d4fe5.jpg	2026-02-15 21:00:00	2026-02-15 22:00:00	2026-02-13 05:16:10.836	2026-02-13 05:16:10.836
0d0e7156-b6dc-4a23-84f5-b420aa9f3dd5	1f1acea0-62cd-4267-a9ee-1ffc3b30ce1d	\N	Clash Royale	https://media.rawg.io/media/games/a11/a11912ae667ce96c98619f018ead97ae.jpg	2026-02-20 20:00:00	2026-02-20 21:00:00	2026-02-13 05:19:59.708	2026-02-13 05:19:59.708
43073b77-e898-4676-b0ee-83118f5754e8	1f1acea0-62cd-4267-a9ee-1ffc3b30ce1d	\N	Valorant	https://media.rawg.io/media/games/b11/b11127b9ee3c3701bd15b9af3286d20e.jpg	2026-02-20 21:00:00	2026-02-20 22:00:00	2026-02-13 05:20:21.089	2026-02-13 05:20:21.089
c119dd66-624c-49ec-a295-27978d301186	1f1acea0-62cd-4267-a9ee-1ffc3b30ce1d	\N	Clash of Clans	https://media.rawg.io/media/screenshots/761/76129e9a98953bd17583f2a8cb776214.jpeg	2026-02-20 18:00:00	2026-02-20 19:00:00	2026-02-13 05:24:23.357	2026-02-13 05:24:23.357
9bb695f1-cee3-49e8-a052-7308761af502	1f1acea0-62cd-4267-a9ee-1ffc3b30ce1d	\N	Clash Royale	https://media.rawg.io/media/games/a11/a11912ae667ce96c98619f018ead97ae.jpg	2026-02-21 20:00:00	2026-02-21 21:00:00	2026-02-13 05:39:42.765	2026-02-13 05:39:42.765
92d9c981-55b5-4e88-8619-6c7dde3af7ce	1f1acea0-62cd-4267-a9ee-1ffc3b30ce1d	\N	Where Winds Meet	https://media.rawg.io/media/screenshots/8a7/8a797083d6dd0f810a42bb2fa379a23a.jpg	2026-02-22 20:00:00	2026-02-22 21:00:00	2026-02-13 05:48:46.68	2026-02-13 05:48:46.68
\.


--
-- Data for Name: Planning; Type: TABLE DATA; Schema: public; Owner: -
--

COPY public."Planning" (id, "userId", name, "weekStart", "weekEnd", "bgColor", "textColor", "accentColor", "createdAt", "updatedAt") FROM stdin;
7fa5afbd-93bd-4323-b421-375fef141f54	72c8df92-213b-4276-8886-4808b5fc98cc	string	2026-02-09 00:00:00	2026-02-15 00:00:00	\N	\N	\N	2026-02-10 14:23:38.997	2026-02-10 14:23:38.997
c3489eca-e163-4c25-8634-04a81bb95e3b	72c8df92-213b-4276-8886-4808b5fc98cc	string	2026-02-16 00:00:00	2026-02-19 00:00:00	\N	\N	\N	2026-02-10 14:24:06.362	2026-02-10 14:24:06.362
a6d7a2e5-369d-4a7a-9577-1543052eff5d	07b11f17-2ccd-4cd2-8146-903406cc24ce	My Planning	2026-02-08 00:00:00	2026-02-14 00:00:00	\N	\N	\N	2026-02-12 05:42:22.87	2026-02-12 05:42:39.16
740e027b-66f8-479e-8277-a84a7e36b837	07b11f17-2ccd-4cd2-8146-903406cc24ce	Plan 2	2026-02-15 00:00:00	2026-02-19 00:00:00	\N	\N	\N	2026-02-12 08:26:56.309	2026-02-12 08:26:56.309
1f1acea0-62cd-4267-a9ee-1ffc3b30ce1d	07b11f17-2ccd-4cd2-8146-903406cc24ce	Planning de stream	2026-02-20 00:00:00	2026-02-28 00:00:00	\N	\N	\N	2026-02-12 08:31:11.423	2026-02-12 08:31:11.423
08937443-06aa-472f-bad5-93d2ca0e1e91	71bfba13-88cc-4f8f-8fac-6544ef51bec8	Planning de stream	2026-02-08 00:00:00	2026-02-14 00:00:00	\N	\N	\N	2026-02-13 04:01:02.737	2026-02-13 04:01:02.737
\.


--
-- Data for Name: User; Type: TABLE DATA; Schema: public; Owner: -
--

COPY public."User" (id, email, "passwordHash", "twitchUrl", "logoUrl", "createdAt", "updatedAt") FROM stdin;
72c8df92-213b-4276-8886-4808b5fc98cc	user@example.com	$2b$10$WDudDeRFQ42bz6h0phOGzOhOb0rvxOpghkZdpaDXxJRya5jcLVPXK	\N	\N	2026-02-10 13:49:56.482	2026-02-10 13:49:56.482
07b11f17-2ccd-4cd2-8146-903406cc24ce	test@test.com	$2b$10$nyVRIEBPnwKph/fesiazH.vuRj2iYZ66ZXlkwVwjvznNHWm2CtYhK	\N	\N	2026-02-11 08:17:31.719	2026-02-11 08:17:31.719
71bfba13-88cc-4f8f-8fac-6544ef51bec8	test2@test.com	$2b$10$YdMCM8ZoRpecUUp342Wzm.zSchI/CDUWGgrmmaQWKiI/a8rOOootK	\N	\N	2026-02-13 04:00:44.694	2026-02-13 04:00:44.694
\.


--
-- Data for Name: _prisma_migrations; Type: TABLE DATA; Schema: public; Owner: -
--

COPY public._prisma_migrations (id, checksum, finished_at, migration_name, logs, rolled_back_at, started_at, applied_steps_count) FROM stdin;
48b1ccb9-872c-4792-b323-2bc04a730e12	55ebf4c174509249fb333628c9f7b5248d54f7cca8b72cbcbab2897b6588d171	2026-02-10 13:14:52.249002+00	20260210131452_init	\N	\N	2026-02-10 13:14:52.217865+00	1
\.


--
-- Name: Event Event_pkey; Type: CONSTRAINT; Schema: public; Owner: -
--

ALTER TABLE ONLY public."Event"
    ADD CONSTRAINT "Event_pkey" PRIMARY KEY (id);


--
-- Name: Planning Planning_pkey; Type: CONSTRAINT; Schema: public; Owner: -
--

ALTER TABLE ONLY public."Planning"
    ADD CONSTRAINT "Planning_pkey" PRIMARY KEY (id);


--
-- Name: User User_pkey; Type: CONSTRAINT; Schema: public; Owner: -
--

ALTER TABLE ONLY public."User"
    ADD CONSTRAINT "User_pkey" PRIMARY KEY (id);


--
-- Name: _prisma_migrations _prisma_migrations_pkey; Type: CONSTRAINT; Schema: public; Owner: -
--

ALTER TABLE ONLY public._prisma_migrations
    ADD CONSTRAINT _prisma_migrations_pkey PRIMARY KEY (id);


--
-- Name: Event_planningId_idx; Type: INDEX; Schema: public; Owner: -
--

CREATE INDEX "Event_planningId_idx" ON public."Event" USING btree ("planningId");


--
-- Name: Event_startsAt_idx; Type: INDEX; Schema: public; Owner: -
--

CREATE INDEX "Event_startsAt_idx" ON public."Event" USING btree ("startsAt");


--
-- Name: Planning_userId_idx; Type: INDEX; Schema: public; Owner: -
--

CREATE INDEX "Planning_userId_idx" ON public."Planning" USING btree ("userId");


--
-- Name: User_email_key; Type: INDEX; Schema: public; Owner: -
--

CREATE UNIQUE INDEX "User_email_key" ON public."User" USING btree (email);


--
-- Name: Event Event_planningId_fkey; Type: FK CONSTRAINT; Schema: public; Owner: -
--

ALTER TABLE ONLY public."Event"
    ADD CONSTRAINT "Event_planningId_fkey" FOREIGN KEY ("planningId") REFERENCES public."Planning"(id) ON UPDATE CASCADE ON DELETE CASCADE;


--
-- Name: Planning Planning_userId_fkey; Type: FK CONSTRAINT; Schema: public; Owner: -
--

ALTER TABLE ONLY public."Planning"
    ADD CONSTRAINT "Planning_userId_fkey" FOREIGN KEY ("userId") REFERENCES public."User"(id) ON UPDATE CASCADE ON DELETE CASCADE;


--
-- PostgreSQL database dump complete
--

\unrestrict sAsEnc6s7tVNc7UTV7t0cu0LKchZU6rr4gOEMgfZwaHVtksPnb8bJakup5oujDX

